Longitude,Latitude,value
-30.267,44.3498,1
-41.75,50.9332,0
-67.3333,35.7167,0
-68.9167,36.1333,0
-69.15,36.15,0
-68.9333,35.7833,1
-69.4,36.2167,1
-74.35,31.8333,0
-75.35,31.65,1
-72.95,37.65,0
-75.75,23.9333,1
-75.9333,24.8,1
-67.6667,30.7833,1
-69.0833,35.7667,1
-42.65,39.1332,0
-27.367,33.333,1
-17.0667,5.2833,0
-18.3,3.65,0
-24.1667,-0.05,1
-26.0333,-0.7667,1
-59.2,20.7332,1
62.5,-14.03333333,0
70.4,-25.41666667,0
58.51666667,-10.35,0
59.68333333,-13.68333333,0
70.96666667,-44.63333333,0
114.3833333,-31.51666667,0
67.88333333,-39.73333333,0
113.9333333,-31.26666667,0
87.85,-18.68333333,0
70.2,-14.9,0
62,-17.8,0
73.88333333,-23.93333333,0
75.05,-39.83333333,0
119.735,-53.038,0
105.548,-43.308,0
114.478,-48.008,0
114.423,-47.533,0
114.417,-46.448,0
114.348,-45.037,0
114.368,-43.953,0
100.012,-41.02,0
83.723,-39.515,0
95.082,-45.022,0
95.08,-47.128,0
95.037,-47.988,0
94.832,-49.378,0
-16.95,24.5,1
-74.88,14,1
46.2,-43.78,0
51.267,-43.63,0
65.467,-55.33,0
92.417,-44.77,0
104.37,-39.38,0
120.9,-36.75,0
125.57,-46.53,0
127.12,-49.33,0
129.97,-51.08,0
123.1,-47.77,0
121.12,-45.42,0
114.13,-41.37,0
63.15,12.05,0
58.083,17.883,0
-10.57,45.1,0
-15.4,54.983,0
-77.22,10.183,1
-69.67,21.3,1
-79.53,16.567,1
-81.1,11.767,1
-45.97,4.967,1
57.35,-43.03,0
54.217,-34.33,0
-45.4,2.217,1
57.633,-22.4,0
67.583,-34.92,0
69.55,-36.48,0
-43.77,0.917,1
83.483,-38.03,0
95.967,-28.07,0
-41.52,1.683,1
112.98,-33.8,0
114.12,-31.57,0
112.8,-21.42,0
-4.6,-49,0
-17.8,-42.58,0
-75.04,11.91,1
-71.67,15.617,1
-74.79,15.857,1
-77.17,14.695,1
-7.722,3.705,1
11.307,-25.49,0
7.625,-46.6,0
-15.57,-49.92,0
-13.23,-46.1,0
61.617,-12.38,0
59.872,-12.85,0
59.638,-13.61,0
58.852,-15.59,0
58.633,-16.23,0
61.203,-2.807,0
66.29,19.193,0
67.298,21.472,0
72.763,9.582,0
65.617,-13.22,0
-22.77,59.6532,0
-21.1328,53.867,0
-0.0667,63.4832,0
-54.9,42.467,0
-92.47,23.767,1
-69.5,32.6,0
-65.12,32.283,1
-64.72,32.217,1
-79.92,29.283,1
-57.13,38.917,1
-61.45,34.667,1
-64.6,40.767,0
-77.77,12.4,1
-37.87,8.233,1
-11.62,31.383,1
-38.2,22.967,1
-43.8,23.033,1
-64.17,31.433,1
-74.4,17,1
-53.07,24.283,1
7.017,-22.98,0
-16.05,1.75,1
-65.2,10.7,1
65.517,3.867,0
56.233,11.433,0
53.45,13.433,0
51,14.3,0
48.4,12.867,0
46.75,11.85,0
45.633,12.617,0
-40.52,15.483,1
-32.85,0.85,1
13.5,-39.2,0
15.917,-35.88,0
64.817,-4.3,0
66.3,-2.833,0
69.45,-0.633,0
-37.07,1.967,1
-46.48,23.333,1
-51.87,30,1
-48.42,17.267,1
-50.83,60.033,0
-40.67,13.25,1
15,-33.2,0
16.433,-33.35,0
44.367,-46.02,0
45.767,-45,0
43.5,-37.15,0
79.567,-29.73,0
82.85,-31.05,0
83.8,-31.63,0
84.85,-32.38,0
91.717,-30.2,0
92.833,-28.883,0
95.183,-28.017,0
99.25,-31.53,0
-65.05,28.483,1
-18.92,12.383,1
-28.93,24.967,0
-34.13,27.967,0
-36.92,29.617,1
-47.73,58.367,0
-57.83,60.733,0
-80.43,11.75,0
-51.12,13.733,1
15.983,-33.23,0
29.933,-38.98,0
37.867,-37.63,0
41.85,-36.12,0
63.533,-20.58,0
-47.75,4.233,1
114.45,-30.57,0
140.62,-38.57,0
-67.55,38.75,1
62.783,8.117,0
61.067,7.433,0
41.55,-4.217,0
41.6,-19.92,0
13.283,-30.58,0
9.583,-29.52,0
10.8,-21.83,0
-5.25,2,1
-9.083,1.417,0
-15.05,3.65,0
-41.4,29.017,1
-48.27,33.3,1
68.483,-21.98,0
64.9,-23.05,0
-35.6,2.1,1
-33.03,5.317,1
-30.13,8.467,1
-68.53,38.283,0
-60.52,11.533,1
-10.9,-46.13,0
-6.633,-44.47,0
-3.25,-43.18,0
-20.12,3.383,1
-18.58,14.167,1
-21.15,14.4,1
-23.23,15.017,1
-31.45,20.7,1
-43.63,27.917,1
-52.3,32.65,0
-57.25,34.75,1
-45.63,12.75,1
-25.53,19.883,1
-35.83,17.2,1
-40.67,17.483,1
-45.13,41.517,0
-45.05,46,1
-27.53,62.667,0
0.0167,68.0333,0
8.317,70.05,0
0.2,77.95,0
6.683,70.983,0
2.717,68.55,0
-17.57,60.933,0
-16.83,54.25,0
-21.93,52.583,0
-24.25,49.867,0
-16.92,46,0
-15.1,29.8,1
-72.6,22.6,1
-46.7,26.783,1
-43,9.317,1
-71.23,17.033,1
-18.18,9.567,1
-17.92,6.267,0
-18.25,6.033,0
-18.08,5.833,0
-14.8,0.3,1
-60.5,42.267,0
-14.2,62.133,0
-24.08,56.067,0
-14.68,43.8,0
-17.07,42.7,0
-20.15,39.717,0
-13.55,39.617,0
-43.23,42.75,1
-39.87,44.167,0
-26.58,25.933,1
-37.3,50.1,0
-28.85,16.533,1
-46.2,54,0
-46.87,54.033,0
-50.8,54.467,0
-53.12,54.733,0
1.983,1,1
-11.82,3.05,1
-54.7,56.733,0
-13.63,1.05,0
-44.62,58.183,0
-37.275,60.7033,0
-11.5,61.367,0
-6.133,63.45,0
-6.217,65.017,0
-5.4,76.167,0
2.667,73.533,0
4.633,78.833,0
6.917,76.467,0
3.617,78.117,0
7.417,78.4,0
-10.8,75,0
-7.433,60.65,0
-72.37,13.933,1
-76.6,17.033,1
-80.4,11.117,1
-13.65,72.433,0
-0.833,73.483,0
5.267,72.183,0
-1.617,71.167,0
0.583,62.9,0
-3.583,64.833,0
-12.72,68.717,0
-9.0667,72.0667,0
-4.4,69.383,0
0.233,67.683,0
11.667,74.483,0
-4.0167,64.0833,0
-50.83,26.783,1
88.083,14.15,0
-17.92,16.383,1
-20.07,22.467,1
-25.72,41.533,1
-25.15,42.85,0
-23.87,45.3,0
-17.53,52.367,0
-15.57,58.733,0
-19.2,59.95,0
-20.97,60.383,0
-25.12,61.55,0
-6.733,66.733,0
-6.667,67.783,0
-6.983,72.967,0
-5.417,68.383,0
-0.067,65.167,0
-14.53,62.85,0
-24.05,61.917,0
-38.78333333,28,1
-73.51666667,38.18333333,0
-41.75,50.93333333,0
-67.33333333,35.71666667,1
-68.91666667,36.13333333,0
-69.13333333,36.13333333,1
-68.93333333,35.78333333,1
-69.4,36.21666667,1
-74.35,31.83333333,0
-76.8,29.76666667,1
-78.55,19.4,1
-75.75,23.93333333,1
-75.91666667,24.8,1
-67.66666667,30.78333333,1
-42.65,39.13333333,1
-36.7,39.26666667,1
-27.36666667,33.56666667,1
-19.3,25.83333333,1
-17.06666667,5.283333333,0
-21.78333333,0.583333333,1
-26.03333333,-0.766666667,1
-27.01666667,-1.5,0
-57.33333333,10.55,1
-59.2,20.71666667,1
51.9,12,0
53.16666667,10.25,0
51.73333333,8.983333333,0
51.61666667,8.9,0
60.21666667,9.216666667,0
69.43333333,20.15,0
67.91666667,20.11666667,0
59.55,21,0
61.01666667,20.83333333,0
57.18333333,17.43333333,0
54.76666667,16.23333333,0
54.63333333,15.26666667,0
57.35,14.93333333,0
-34.56666667,-29.13333333,1
71.56666667,13.58333333,0
74.18333333,9.9,0
73.4,7.033333333,0
127.85,-9.1,0
133.8333333,-4.883333333,0
131.9833333,-4.666666667,0
130.6166667,-2.633333333,0
112.6833333,-11.88333333,0
175.3833333,36.56666667,0
178.6333333,36.43333333,0
46.98333333,-13.3,0
41.61666667,-12.98333333,0
41.4,-13.18333333,0
41.55,-16.06666667,0
41.83333333,-11.51666667,0
-121.8833333,19,0
-11.11666667,-8.283333333,1
119.05,7.916666667,0
118.55,8.5,0
87.78333333,11.38333333,0
80.86666667,14.26666667,0
87.31666667,15.3,0
91.23333333,15.21666667,0
91.53333333,19,0
89.31666667,20.33333333,0
86.9,13.48333333,0
89.03333333,6.916666667,0
88.58333333,4.183333333,0
57.36666667,17.7,0
57.38333333,17.56666667,0
57.36666667,13.86666667,0
60.66666667,16.61666667,0
58.33333333,19.15,0
58.98333333,19.7,0
59.6,21,0
59.73333333,21.75,0
60.18333333,20.75,0
60.61666667,20,0
60.75,19.55,0
61.68333333,19.93333333,0
60.83333333,21.71666667,0
60.15,22.68333333,0
59.75,22.68333333,0
59.61666667,22.61666667,0
59.71666667,22.63333333,0
63.15,22.18333333,0
58.78333333,24.06666667,0
62.06666667,-18.35,0
62.83333333,-12.26666667,0
55.5,-8.933333333,0
61.81666667,-26.93333333,0
69.01666667,-8.316666667,0
71.21666667,-2.45,0
70.23333333,-2.333333333,0
69.25,-2.2,0
88.85,2.966666667,0
91.05,2.916666667,0
91.68333333,2.983333333,0
97.88333333,-0.566666667,0
-130.6166667,3.333333333,0
-133.3833333,-9.983333333,0
-148.4833333,-16.78333333,0
-143.6666667,-28.56666667,0
-127.3333333,-44.21666667,0
-127.2333333,-44.35,0
-119.8333333,-45.5,0
-102,-42,0
-97.08333333,-42.9,0
-79.5,-34.5,0
-106.5,-28.48333333,0
-118.2333333,-23.61666667,0
-115.2,-22.08333333,0
-113.3,-4.033333333,0
-115.7166667,-26.3,0
-112.1,-14.73333333,0
-109.7166667,-11.7,0
-110.6833333,-9.883333333,0
-116.2166667,1.45,0
-115.7666667,4.133333333,0
95.08333333,-45.01666667,0
95.08333333,-47.13333333,0
95.03333333,-47.98333333,0
94.83333333,-49.38333333,0
-89.75,-59.65,0
-130.1166667,-58,0
-159.9833333,-54.01666667,0
-63.06666667,-58.86666667,0
-136.9666667,-59.96666667,0
156.0666667,4.85,0
156.2333333,2.783333333,0
157,-2.233333333,0
161.3166667,-3.6,0
160.8,-1.75,0
159.0666667,-1.633333333,0
158.7,-0.016666667,0
160.4166667,-0.016666667,0
161,0,0
161.4333333,0,0
161.9833333,0,0
162.7,-0.033333333,0
161,0.883333333,0
161.6,1.1,0
162.4,1.366666667,0
163.7,2.366666667,0
-47.48333333,28.35,1
-46.35,28.56666667,1
-43.21666667,29.81666667,1
-39.68333333,31.18333333,1
-37.85,31.65,1
-34.1,32.41666667,1
-34.06666667,32.45,1
-30.38333333,34.65,1
-29.98333333,34.61666667,1
-28.78333333,34.81666667,1
-28.36666667,34.8,1
-26.2,34.81666667,1
-24.31666667,35,0
-21.66666667,34.95,1
-17.36666667,34.96666667,1
-12.61666667,35.18333333,1
-51.58333333,16.71666667,1
-46.13333333,16.65,1
-42.95,15.53333333,1
-34.16666667,11,1
-44.96666667,5.983333333,1
-44.93333333,5.866666667,1
-44.76666667,5.666666667,1
-44.71666667,5.7,1
-44.73333333,5.7,1
-44.63333333,5.783333333,1
-44.58333333,5.833333333,1
-44.5,5.883333333,1
-44.46666667,5.966666667,1
-44.38333333,6.016666667,1
-44.3,6.5,1
-44.3,6.116666667,1
-44.21666667,6.216666667,1
-44.08333333,6.316666667,0
-44.08333333,6.216666667,1
-44.08333333,6.116666667,1
-44.08333333,6.033333333,1
-44.08333333,6,1
-44.05,5.716666667,1
-44.08333333,5.6,1
-44.08333333,5.566666667,1
-44.06666667,5.466666667,1
-44.06666667,5.383333333,1
-43.75,4.733333333,1
-43.65,4.716666667,1
-43.48333333,4.783333333,1
-43.45,4.766666667,1
-43.2,4.866666667,1
-43.13333333,4.9,1
-43.05,4.916666667,1
-42.91666667,4.95,1
-42.88333333,4.95,1
-42.78333333,5,1
-42.73333333,5.033333333,1
-43.33333333,4.8,1
-43.06666667,4.75,1
-43.05,4.75,1
-43.31666667,4.85,1
-43.15,4.7,1
-43.38333333,4.566666667,1
-43.7,4.366666667,1
-43.66666667,4.366666667,1
-43.48333333,4.35,1
-43.41666667,4.35,1
-43.43333333,4.333333333,1
-43.43333333,4.35,1
-43.48333333,4.333333333,1
-43.48333333,4.7,1
-43.3,4.766666667,1
-43.15,4.85,1
-43.03333333,4.883333333,1
-42.98333333,4.866666667,1
-42.73333333,5.15,1
72.78333333,-5.383333333,0
63.71666667,-5.566666667,0
59.25,-5.433333333,0
73.6,-35.78333333,0
78.43333333,-37.31666667,0
98.86666667,-32,0
65.96666667,-5.716666667,0
100.3333333,-32.1,0
113.9333333,-32.26666667,0
148.7,-14.5,0
154.7333333,-15.71666667,0
155,-16.05,0
155.9333333,-14.78333333,0
156.85,-13.28333333,0
157.2166667,-12.53333333,0
158.05,-11.31666667,0
163.2166667,-6.666666667,0
165.4166667,-5.7,0
168.0333333,-4.516666667,0
170.0333333,-3.383333333,0
73.11666667,9.05,0
71.51666667,16.98333333,0
50.51666667,14.45,0
95.15,8.716666667,0
95.05,10.2,0
93.68333333,11.15,0
94.15,11.76666667,0
95.93333333,13.56666667,0
93.13333333,14.51666667,0
91.01666667,18.36666667,0
90.48333333,17.4,0
92.06666667,12.4,0
76.71666667,7.5,0
73.98333333,12.31666667,0
71.88333333,13.96666667,0
58.43333333,19.3,0
117.9333333,12.65,0
117.9166667,12.31666667,0
118.0666667,12.15,0
118.4833333,11,0
118.7166667,11.58333333,0
118.6333333,11.63333333,0
118.5166667,11.71666667,0
118.3333333,11.88333333,0
118.2166667,11.93333333,0
118.2833333,10.6,0
116.4166667,7.7,0
116.2333333,7.85,0
116.1166667,7.883333333,0
116.1666667,7.816666667,0
118.3833333,8.05,0
118.5666667,8.15,0
118.7166667,8.216666667,0
118.9,8.3,0
118.95,8.35,0
118.8333333,8.3,0
118.8833333,6.75,0
118.9666667,6.8,0
119.3666667,7,0
120.3333333,7.533333333,0
119.9333333,7.483333333,0
119.4833333,7.166666667,0
119.05,6.9,0
-139.9666667,4.583333333,0
-174.3166667,17.86666667,0
62.66666667,-17.8,0
178.4833333,-63.06666667,0
-166.9666667,-63.28333333,0
-171.5333333,-60.2,0
175.2333333,-46.35,0
-154.75,-24.68333333,0
-150.5833333,-13.88333333,0
-149.4,-4.433333333,0
-148.75,-1.9,0
-148.65,-1.533333333,0
-147.5666667,-0.25,0
-147.8333333,50.85,0
-144.65,51.51666667,0
-157.3833333,21.55,0
-157.8166667,21.7,0
167.5666667,-20.58333333,0
176.6,-14.6,0
175.4166667,-10.75,0
175.3,-11.13333333,0
172.4833333,-2.066666667,0
171.4,-2.1,0
170.3,-2.266666667,0
168.1,1.15,0
167.2333333,2.933333333,0
-165.3833333,-4.066666667,0
-166.1,-5.483333333,0
-165.3833333,-4.75,0
-165.55,10.5,0
-161.9833333,10.01666667,0
-168.8666667,8.566666667,0
-171.1833333,10.16666667,0
-170.95,10.38333333,0
-85.98333333,-0.15,0
-85.46666667,-2.766666667,0
-75.58333333,14.26666667,1
-16.51666667,-23.35,1
-15.11666667,-24.06666667,1
-13.26666667,-24.96666667,1
-12.76666667,-25.15,1
-10.6,-26.23333333,1
-9.433333333,-26.56666667,1
42.35,-42.88333333,0
46.2,-43.28333333,0
51.26666667,-43.63333333,0
65.46666667,-55.33333333,0
92.58333333,-44.76666667,0
93.88333333,-44.03333333,0
101.4166667,-41.1,0
104.3666667,-39.38333333,0
125.5666667,-46.53333333,0
127.1166667,-49.33333333,0
129.9666667,-51.08333333,0
135.85,-51.5,0
160.45,-32.41666667,0
105.2333333,-29.36666667,0
-74.88333333,14,1
-22.76666667,59.65,0
-88.98333333,28,1
-91.36666667,25.28333333,1
-94.68333333,25.6,1
-94.35,26.31666667,1
-90.73333333,25.68333333,1
-91.45,24.78333333,1
-92.48333333,23.45,1
-90.95,24.85,1
-88.98333333,25.05,1
-84.18333333,20.53333333,1
-77.2,10.18333333,1
-79.15,-18,0
-123.4333333,-27.43333333,0
-179.6833333,-24.76666667,0
172.6,-28.75,0
170.2166667,-31.61666667,0
168.7333333,-33.23333333,0
148.3666667,-45.75,0
143.7833333,-44.08333333,0
123.1,-47.76666667,0
121.1166667,-45.41666667,0
114.1333333,-41.36666667,0
111.3833333,-39.78333333,0
113.3666667,-29.33333333,0
114.55,-31.28333333,0
72.8,7.4,0
59.6,19.56666667,0
60.41666667,19.08333333,0
58.08333333,17.88333333,0
-14.9,44.18333333,0
-10.55,45.08333333,0
-15.38333333,54.96666667,0
-69.65,21.3,1
-79.51666667,16.56666667,1
-87.81666667,4.683333333,0
-88.53333333,4.516666667,0
157.9666667,-14.53333333,0
152.85,-12.41666667,0
156.4333333,-3.033333333,0
156.9833333,-2.65,0
156.3,-1.133333333,0
155.2333333,-0.8,0
153.9833333,-0.333333333,0
152.9333333,-0.033333333,0
149.2,1.266666667,0
150.3833333,6.766666667,0
158,33.08333333,0
158.8,31.41666667,0
154.6333333,32.13333333,0
159.1666667,34.58333333,0
-84.31666667,6.283333333,0
-81.63333333,13.48333333,1
-86.3,23.43333333,1
-91.6,22.93333333,1
-94.83333333,22.08333333,1
-95.83333333,21.71666667,1
-96.33333333,22.61666667,1
-94.38333333,24.05,1
-92.46666667,24.9,1
-89.41666667,26.3,1
-84.75,25.18333333,1
-48.08333333,7.633333333,1
-43.76666667,0.916666667,1
-41.51666667,1.683333333,1
-40.6,-2.066666667,1
-36.95,-1.166666667,0
-35.21666667,-2.766666667,1
-35.96666667,-17.25,1
-32.68333333,-20.15,1
-30.05,-28.58333333,1
-35.1,-34.7,0
-35.53333333,-31.98333333,1
-9.866666667,-50.86666667,1
-0.05,-46.75,0
5.95,-43.48333333,0
12.58333333,-39.26666667,0
18.45,-35.78333333,0
61.03333333,-46.51666667,0
57.35,-43.03333333,0
54.21666667,-34.33333333,0
57.63333333,-22.4,0
67.58333333,-34.91666667,0
69.55,-36.48333333,0
71.53333333,-37.8,0
79.86666667,-43.51666667,0
82.25,-39.71666667,0
83.48333333,-38.03333333,0
86.65,-37.98333333,0
90.21666667,-36.1,0
91.93333333,-33.63333333,0
94.41666667,-30.06666667,0
95.96666667,-28.06666667,0
110.55,-33.06666667,0
112.7666667,-33.78333333,0
114.1166667,-31.56666667,0
110.0166667,-25.48333333,0
112.8,-21.41666667,0
119,-6.016666667,0
145.8333333,16.53333333,0
149.9166667,20.91666667,0
142.9,26.8,0
139.0333333,33.2,0
-130.1166667,47.15,0
-139.7166667,-1.983333333,0
-146.8666667,-14.78333333,0
-139.9666667,-14.81666667,0
-114.6166667,-5.983333333,0
-110.8,-8.8,0
-106.9666667,-11.33333333,0
-85.81666667,-1.533333333,0
-75.31666667,30.73333333,1
-70.8,38.03333333,1
-91.55,27.15,1
-94.23333333,25.78333333,1
-95.53333333,23.4,1
-93.66666667,22.9,1
-86.13333333,20.45,1
169.2,-26,0
157.8666667,-25.88333333,0
163.5166667,-24.88333333,0
168.3833333,-3.733333333,0
166.7166667,-1.266666667,0
164.8166667,1.633333333,0
163.3333333,3.6,0
134.15,33,0
134.15,32.3,0
133.2833333,29.76666667,0
131.4166667,29.55,0
-157.9333333,20.78333333,0
-177.6,-24.2,0
-66.93333333,-56.83333333,0
-54.13333333,-50.41666667,0
-57.65,-43.46666667,0
-24.78333333,-39.81666667,0
-28.86666667,-37.86666667,0
-17.8,-42.58333333,0
-15.46666667,-39.66666667,0
-13.15,-36.88333333,0
-10.08333333,-37.25,0
-6.716666667,-36.15,0
-4.75,-34.95,0
1,-34.06666667,0
2.833333333,-32.88333333,0
11.53333333,-30.46666667,0
29.18333333,-33.21666667,0
34.03333333,-30.3,0
37,-26.93333333,0
41.56666667,-10.35,0
65.2,2.983333333,0
67.71666667,-2.833333333,0
69.86666667,2.5,0
74.6,0.783333333,0
76.16666667,0.8,0
71,6.233333333,0
90.01666667,12.7,0
89.58333333,13.05,0
88.63333333,15.05,0
90.56666667,15.16666667,0
96.06666667,12.76666667,0
93.33333333,9.333333333,0
126.1833333,23.95,0
126.3333333,26.58333333,0
170.0166667,38.1,0
-157.2333333,21.46666667,0
-170.0666667,19.08333333,0
-175.2666667,13.86666667,0
-89.41666667,-3.116666667,0
-103.6333333,-1.65,0
-90.93333333,4.75,0
-75.03333333,11.91666667,1
-74.85,12.88333333,1
-71.66666667,15.61666667,1
-75.45,16.71666667,1
-75.95,15.06666667,1
-78.75,14.88333333,1
-76.95,10.03333333,1
-78.15,11.25,1
-79.81666667,13.16666667,1
-30,1.85,1
-25.43333333,1.783333333,1
-10.05,4.583333333,1
-7.716666667,3.7,1
-0.716666667,4.516666667,1
2.633333333,2.016666667,0
-8.216666667,-8.183333333,1
-10.6,-9.133333333,1
8.866666667,-21.88333333,0
11.2,-22.33333333,0
11.3,-25.48333333,0
-3.583333333,-37.53333333,0
7.616666667,-46.6,0
13.43333333,-50.71666667,0
71.88333333,-12.46666667,0
88.56666667,-9.033333333,0
90.01666667,-2.383333333,0
90.13333333,-2.283333333,0
89.95,-0.833333333,0
90,-0.466666667,0
90.16666667,1.466666667,0
90.51666667,5.85,0
102.45,-5.966666667,0
103.6666667,-12.88333333,0
119.45,-15.2,0
124.6833333,-10.41666667,0
124.5166667,-8.516666667,0
125.0166667,-8.45,0
124.1166667,-6.866666667,0
126.15,-0.95,0
119.95,4.416666667,0
123.6833333,26.1,0
126.35,26.83333333,0
137.9833333,33.46666667,0
-142.5666667,50.38333333,0
-15.56666667,-49.91666667,0
-13.21666667,-46.08333333,0
-20.85,-42.96666667,0
-47.55,-49.6,0
-49.03333333,-33.56666667,0
-45.46666667,-29.2,1
-40.58333333,-25.68333333,1
6.3,-21.43333333,0
13.15,-28.08333333,0
14.7,-31.06666667,0
36.01666667,-32.11666667,0
37.65,-31.53333333,0
43.93333333,-29.28333333,0
44.81666667,-29.91666667,0
45.78333333,-32.26666667,0
47.6,-32.65,0
54.1,-31.85,0
57.41666667,-31.08333333,0
58.68333333,-28.8,0
61.33333333,-29.08333333,0
69.48333333,-25.35,0
70.51666667,-24.28333333,0
69.68333333,-23.68333333,0
68.68333333,-21.68333333,0
68.46666667,-20.61666667,0
66.11666667,-16.35,0
64.73333333,-12.3,0
56.63333333,-13.15,0
57.71666667,-10.5,0
66.1,15.03333333,0
84.56666667,0.866666667,0
85.33333333,7.433333333,0
93.53333333,6.5,0
96.26666667,6.4,0
158.7666667,3.75,0
159.45,1.75,0
159.4,1.75,0
169,2.15,0
163.8,1.65,0
165.5833333,0.183333333,0
166.55,1.666666667,0
165.7333333,4.1,0
168.8333333,3.5,0
173.5,4.183333333,0
57.86666667,17.68333333,0
57.73333333,17.63333333,0
57.73333333,17.65,0
57.63333333,17.71666667,0
57.61666667,17.71666667,0
57.61666667,17.78333333,0
57.66666667,17.76666667,0
57.58333333,17.9,0
57.61666667,18.06666667,0
57.68333333,18.25,0
57.21666667,18.25,0
57.63333333,18.28333333,0
57.65,18.28333333,0
57.55,18.26666667,0
57.53333333,18.11666667,0
57.55,18.06666667,0
57.81666667,17.71666667,0
57.65,17.61666667,0
57.66666667,17.66666667,0
57.6,17.91666667,0
57.68333333,18.21666667,0
57.65,18.23333333,0
57.6,18.23333333,0
57.55,18.31666667,0
59.86666667,16.61666667,0
59.78333333,16.53333333,0
59.78333333,16.51666667,0
59.76666667,16.53333333,0
59.68333333,16.6,0
59.71666667,16.65,0
59.68333333,16.63333333,0
59.66666667,16.65,0
59.66666667,16.66666667,0
59.6,16.7,0
59.6,16.68333333,0
59.45,16.53333333,0
59.35,16.48333333,0
59.3,16.35,0
59.18333333,16.36666667,0
59.85,16.61666667,0
59.85,16.66666667,0
60.68333333,16.16666667,0
-131.8833333,-1.666666667,0
-132.5333333,2.066666667,0
-118.05,3.95,0
-99.93333333,5.65,0
-89.45,2.3,0
-96.7,-13.6,0
-97.8,-13.53333333,0
-107.9833333,-12.8,0
-111.2,-12.55,0
-112.6166667,-12.5,0
-113.4833333,-14.68333333,0
-119.6,-14,0
-122.4666667,-14.01666667,0
-125.35,-13.9,0
-128.4833333,-14.03333333,0
-139.5833333,-14.05,0
-142.45,-15.25,0
-145.1166667,-16.5,0
-145.8,-15.85,0
-147.45,-15.66666667,0
-133.2666667,0.45,0
-130.4833333,-2.683333333,0
-121.4333333,2.466666667,0
-105.9333333,2.433333333,0
-99.46666667,-3.5,0
-95.65,4.266666667,0
-85.63333333,4.033333333,0
-86.31666667,-0.416666667,0
-114.0666667,-5.016666667,0
-113.8666667,1.483333333,0
-140.25,4.466666667,0
159.25,32.33333333,0
159.2166667,32.31666667,0
-155,5.066666667,0
159.9833333,0.566666667,0
157.0666667,0.866666667,0
154.7666667,0.8,0
152.6166667,1.666666667,0
-21.1,53.86666667,0
-0.066666667,63.46666667,0
-166.5833333,-8.016666667,0
-130.6166667,4.566666667,0
-133.7333333,-1.783333333,0
-137.0666667,-2.516666667,0
-138.85,-0.15,0
-141.1333333,2.533333333,0
-160.5,5.35,0
59.6,17.21666667,0
65.08333333,10.03333333,0
59.95,17.2,0
58.46666667,19.5,0
57.83333333,17.7,0
57.5,17.81666667,0
57.7,17.66666667,0
57.58333333,17.75,0
57.48333333,17.75,0
57.35,17.81666667,0
61.48333333,15.98333333,0
58.36666667,19.23333333,0
58.51666667,19.23333333,0
58.26666667,19.21666667,0
58.35,19.28333333,0
58.48333333,19.51666667,0
58.23333333,19.26666667,0
58.61666667,19.65,0
59.8,16.61666667,0
58.8,17.38333333,0
-88.01666667,0.9,0
139.4166667,32.03333333,0
-54.9,42.46666667,0
-86.55,28.45,1
-92.46666667,23.75,1
-33.13333333,37.21666667,1
-11.61666667,35.05,1
-69.5,32.6,1
-65.11666667,32.28333333,1
-64.7,32.2,1
-63.56666667,17.55,1
-57.13333333,38.91666667,1
-54.03333333,36.9,0
-61.45,34.66666667,1
-64.6,40.76666667,0
-77.76666667,12.4,1
-37.86666667,8.233333333,1
-38.2,22.95,1
-43.8,23.01666667,1
-36.01666667,11.18333333,1
-34.48333333,-28.68333333,1
-57.96666667,-45.3,0
-20.36666667,-40.9,0
8.083333333,-36.5,0
7,-22.98333333,1
-11.78333333,-1.5,1
-16.05,1.75,0
-74.38333333,17,1
-40.51666667,15.48333333,1
-42.15,-50.76666667,0
15.91666667,-35.88333333,0
32.86666667,-29.65,0
43.78333333,-28.43333333,0
66.98333333,-2.45,0
65.51666667,3.866666667,0
58.56666667,8.65,0
57.18333333,10.25,0
56.23333333,11.45,0
48.4,12.86666667,0
45.63333333,12.61666667,0
-85.28333333,6.35,0
-49.06666667,-52.16666667,0
-47.4,-50.38333333,0
-34.4,-9.75,1
-75.91666667,30.51666667,1
-74.61666667,37.01666667,1
-74.15,37.68333333,0
-50.35,17.93333333,1
-48.41666667,17.26666667,1
-40.66666667,13.25,1
-24.68333333,-13.06666667,1
-19.71666667,-15.33333333,1
-15.1,-17.65,1
-11.43333333,-19.36666667,1
-8.95,-21.33333333,1
-4.75,-24.71666667,1
-1.1,-27.86666667,1
10.75,-32.13333333,0
12.58333333,-33.4,0
16.43333333,-33.35,0
31.26666667,-46.5,0
79.56666667,-29.75,0
82.95,-31.05,0
83.81666667,-31.63333333,0
84.85,-32.38333333,0
89.13333333,-33.38333333,0
91.71666667,-30.2,0
92.83333333,-28.88333333,0
95.18333333,-28.01666667,0
99.25,-31.53333333,0
115.1,-35.06666667,0
137.65,-48.08333333,0
153.9833333,-53.4,0
171.5,-46.7,0
-179.25,-47.01666667,0
-41.03333333,-28.83333333,0
-42.45,-27.95,1
-37.23333333,1.966666667,1
-43.4,15.4,1
-46.48333333,23.33333333,1
-51.86666667,30,1
-50.83333333,60.03333333,0
-65.05,28.48333333,1
-55.16666667,-40.56666667,0
-49.86666667,-33.15,0
-18.91666667,12.38333333,1
-28.93333333,24.96666667,0
-34.13333333,27.96666667,1
-36.91666667,29.61666667,1
-41.9,32.75,1
-51.11666667,13.73333333,1
-47.75,4.233333333,1
-36.81666667,-31.35,1
-44.7,-53.58333333,0
-57.61666667,-45.66666667,0
-20.16666667,-32.16666667,1
15.01666667,-32.33333333,0
15.98333333,-33.23333333,0
29.93333333,-38.98333333,0
37.86666667,-37.63333333,0
41.85,-36.11666667,0
46.56666667,-32.43333333,0
48.08333333,-31.2,0
49.55,-29.03333333,0
63.53333333,-20.58333333,0
65.93333333,-21.03333333,0
74.36666667,-22.38333333,0
87.11666667,-25.63333333,0
114.45,-30.56666667,0
113.9833333,-34.31666667,0
118.7833333,-36.11666667,0
140.6166667,-38.56666667,0
141.65,-39.78333333,0
-174.4333333,-20.96666667,0
-161.0666667,-12.78333333,0
-80.23333333,15.03333333,1
-78.36666667,13.23333333,1
-79.35,10.6,1
-83.93333333,-3.583333333,0
-92.88333333,-13.21666667,0
-96.2,-14.1,0
-113.5166667,-17.01666667,0
-114.1833333,-17,0
-121.2,-16.93333333,0
-124.3833333,-16.65,0
172,-0.866666667,0
170.7666667,0.1,0
168.0333333,2.366666667,0
167.0333333,3.116666667,0
140.05,11.85,0
86.35,-20.65,0
76.55,7.116666667,0
74.21666667,7.583333333,0
73.25,8.116666667,0
62.78333333,8.116666667,0
61.06666667,7.433333333,0
59.33333333,6.7,0
60.66666667,6.866666667,0
41.18333333,-6.683333333,0
44.15,-13.13333333,0
42.85,-14.88333333,0
41.1,-16.93333333,0
39.5,-17.9,0
41.6,-19.91666667,0
39.96666667,-23.18333333,0
38.85,-23.36666667,0
37.85,-23.51666667,0
13.28333333,-30.58333333,0
9.583333333,-29.51666667,0
4.683333333,-26.2,1
4.1,-25.76666667,0
4.833333333,-24.56666667,1
10.8,-21.83333333,0
8.383333333,-18.33333333,1
5.533333333,-1.283333333,1
-9.083333333,1.416666667,0
-41.4,29.01666667,1
-60.51666667,11.53333333,1
-132.3666667,41.06666667,0
-176.95,28.3,0
-177.8333333,33.98333333,0
168.7833333,47.95,0
140.5666667,32.96666667,0
132.7833333,4.65,0
69.23333333,-21.8,0
68.48333333,-21.98333333,0
68,-22.3,0
66.3,-22.7,0
47.41666667,-28.01666667,0
40.9,-25.11666667,0
32.1,-33.6,0
28.1,-34.6,0
25.28333333,-36.31666667,0
-13.15,-28.33333333,1
-34.63333333,-4.233333333,1
-39.03333333,-1.95,1
-33.03333333,5.316666667,1
-30.13333333,8.466666667,1
-43.65,23.36666667,1
-68.53333333,38.28333333,0
-84.48333333,23.91666667,1
-84.65,24.68333333,1
-89.68333333,-1.216666667,0
-109.4166667,-4.716666667,0
-112.3666667,-4.333333333,0
-133.25,-12.03333333,0
-136.7166667,-17.65,0
142.4666667,24.61666667,0
126.15,26.46666667,0
127.4166667,25.6,0
127.5666667,25.73333333,0
126.9333333,25.16666667,0
163.0333333,37.68333333,0
-77.23333333,14.45,1
-45.63333333,12.75,1
-41.25,8.716666667,1
-30.58333333,-6.116666667,1
-34.25,-9.55,1
-33.41666667,-29.41666667,1
-42.93333333,-50.1,0
-43.16666667,-50.78333333,0
-43.5,-51.51666667,0
-10.9,-46.13333333,0
-6.633333333,-44.46666667,0
24.58333333,-39.58333333,0
-5.183333333,-17.46666667,1
-5.733333333,-16.25,1
-14.28333333,-8.766666667,1
-14.6,-7.75,1
-15.73333333,-4.883333333,1
-16.43333333,-3.3,1
-20.91666667,4.666666667,1
-23.23333333,15.01666667,1
-43.63333333,27.91666667,1
-45.13333333,41.51666667,1
-45.96666667,54.2,0
-32.85,59.95,0
8.316666667,70.05,0
-17.56666667,60.93333333,0
-16.83333333,54.25,0
-21.93333333,52.58333333,0
-24.25,49.86666667,0
-16.91666667,46,0
-15.08333333,29.8,1
-25.53333333,19.88333333,1
-35.83333333,17.2,1
-40.66666667,17.48333333,1
-90.1,24.38333333,1
-92.13333333,23.58333333,1
-77.95,15.31666667,1
-97.13333333,3.066666667,0
-100.3,1.416666667,0
-106.9833333,1.716666667,0
-109.3333333,1.716666667,0
-129.0166667,1.85,0
-150.1666667,2.85,0
-177.9833333,27.66666667,0
162.2,1.216666667,0
158.8,0.433333333,0
156.7,2.35,0
142.3666667,18.6,0
132.4333333,3.516666667,0
141.3,2.066666667,0
143.7666667,1.816666667,0
157.3666667,-0.833333333,0
157.45,-1.683333333,0
155.7,-2.2,0
154.95,-2.416666667,0
147.9166667,-14.95,0
146.85,-15.91666667,0
151.45,-18.2,0
150.7833333,-16.51666667,0
148.05,-15.28333333,0
146.8666667,-16.33333333,0
146.8833333,-13.51666667,0
145.85,-14.3,0
146.8166667,-14.68333333,0
148.7833333,-15.81666667,0
149,-18.5,0
146.25,-15.33333333,0
146.2,-12.86666667,0
126.5833333,-9.633333333,0
58.16666667,-30.91666667,0
49.56666667,-36.5,0
45.65,-36.21666667,0
25.11666667,-36.98333333,0
24.95,-37.05,0
1.483333333,-33.1,0
-2.816666667,-32.03333333,0
-3.483333333,-34.2,0
-10.6,-34.45,0
-13.83333333,-33.95,0
-19.55,-33.25,0
-26.73333333,-32.2,1
-30.28333333,-31.6,1
-46.68333333,26.78333333,1
-42.98333333,9.316666667,1
-17.9,6.266666667,0
-18.23333333,6.016666667,0
-18.08333333,5.833333333,0
-15.55,-11.6,1
-37.95,-23.95,1
-15.8,-30.35,1
-34.63333333,-1.55,0
-74.45,16.13333333,1
-76.23333333,17.03333333,1
-67.96666667,30.45,1
-54.33333333,42.78333333,0
-60.48333333,42.26666667,0
-43.21666667,42.73333333,1
-39.86666667,44.15,0
-46.85,54.03333333,0
-53.1,54.71666667,0
-56.05,55.96666667,0
-54.68333333,56.71666667,0
-44.6,58.18333333,0
-41.06666667,59.13333333,0
-37.26666667,60.7,0
-33.26666667,61.93333333,0
-11.48333333,61.36666667,0
-6.216666667,65.01666667,0
-5.4,76.16666667,0
2.666666667,73.53333333,0
4.633333333,78.83333333,0
6.916666667,76.46666667,0
3.616666667,78.11666667,0
1.116666667,66.6,0
-14.2,62.13333333,0
-33.06666667,55.03333333,0
-16.96666667,48.28333333,0
-14.68333333,43.78333333,0
-15.8,43.96666667,0
-17.06666667,42.68333333,0
-13.55,39.58333333,1
-16.85,34.18333333,0
-19.6,29.48333333,1
-26.58333333,25.93333333,1
-28.85,16.53333333,1
-22.1,8.8,1
-26.65,5.1,1
-25.48333333,-0.05,1
-35.63333333,-11.13333333,1
-23.95,-22.05,0
-20.3,-27.58333333,1
-18.71666667,-33.05,0
-16.86666667,-36.55,0
-1.683333333,-31.35,0
2.183333333,-29.51666667,0
5.716666667,2.25,0
1.983333333,0.983333333,1
-1.5,-7.816666667,1
-11.8,3.05,1
-13.61666667,1.033333333,0
-26.61666667,20.16666667,1
-43.9,35.56666667,1
-47.1,55.53333333,0
-29.56666667,64.78333333,0
-1.333333333,76.81666667,0
-0.833333333,73.48333333,0
5.266666667,72.18333333,0
0.583333333,62.9,0
-3.583333333,64.83333333,0
-12.71666667,68.71666667,0
0.233333333,67.68333333,0
11.66666667,74.48333333,0
0.2,65.51666667,0
-6.116666667,68.03333333,0
-4.033333333,64.08333333,0
-11.45,60.55,0
-15.18333333,60.61666667,0
-22.26666667,49.45,0
-19.98333333,47.46666667,0
-32.58333333,44.53333333,0
-42.1,42.16666667,0
-50.83333333,26.78333333,1
-73.91666667,14.93333333,1
-72.36666667,13.93333333,1
-78.68333333,11.93333333,1
-81.7,12.26666667,1
-81.15,10.98333333,1
-80.75,11.6,1
-91.53333333,3.7,0
-169.8,10.65,0
-173.9333333,2.766666667,0
-179.4166667,0.95,0
177,-11.76666667,0
176.4333333,-14.05,0
174.5333333,-11.31666667,0
168.6833333,-10.66666667,0
167.9,-8.633333333,0
167.7666667,-8.4,0
166.75,-5.5,0
161.75,-6.266666667,0
161.3833333,-6.316666667,0
158.9666667,-7.133333333,0
160.4833333,-5.45,0
161.9666667,-3.583333333,0
163.2666667,-0.916666667,0
160.4833333,1.016666667,0
159.1833333,3.25,0
153.3,7.45,0
138.5333333,11.06666667,0
142.7166667,14.36666667,0
142.45,20.1,0
129.65,-2.516666667,0
132.3,-3.65,0
130.2333333,-9.1,0
120.5,-14.1,0
117.95,-17.66666667,0
104.9,-6.583333333,0
90.26666667,-6.733333333,0
83.33333333,4.283333333,0
85.96666667,6.683333333,0
88.73333333,11.95,0
76.36666667,6.583333333,0
73.8,5.083333333,0
76.25,3.083333333,0
78.65,3.8,0
72.38333333,-10.25,0
69.81666667,-6,0
27.61666667,-34.8,0
19.53333333,-36.33333333,0
7.416666667,-24.21666667,0
8.883333333,-19.7,1
6.05,-0.2,1
-17.91666667,16.36666667,1
-18.06666667,17.96666667,1
-20,20.06666667,1
-20.06666667,22.46666667,1
-16.35,29.65,1
-26,40.55,1
-25.7,41.53333333,1
-23.86666667,45.3,0
-25.5,49.13333333,0
-17.53333333,52.36666667,0
-15.16666667,52.66666667,0
-18.73333333,55.4,0
-15.55,58.71666667,0
-20.96666667,60.38333333,0
-22.43333333,60.8,0
-23,61.18333333,0
-25.11666667,61.55,0
-6.483333333,65.6,0
-5.116666667,75.91666667,0
-5.416666667,68.38333333,0
-14.53333333,62.85,0
-24.05,61.91666667,0
-19.33333333,17.11666667,1
-21.08333333,18.43333333,1
-19.91666667,19.86666667,1
-21.31666667,21.23333333,1
-19.2,22.65,1
-17.66666667,23.18333333,1
-19.1,24.11666667,1
-20.88333333,25.71666667,1
-19.51666667,25.71666667,1
-16.83333333,25.56666667,1
-16.91666667,25.83333333,1
-17.55,25.88333333,1
-19.05,25.91666667,1
-15.15,26.6,1
-19.13333333,26.91666667,1
-17.33333333,25.15,1
-17.2,24.88333333,1
168.8666667,-4.266666667,0
168.8833333,-5.583333333,0
123.05,-7.516666667,0
126.7333333,1.35,0
127.8333333,2.7,0
127.3666667,2.95,0
63.43333333,-6.266666667,0
90.6,-6.366666667,0
89.96666667,-6.2,0
89.8,-6.166666667,0
89.58333333,-6.116666667,0
89.16666667,-6.083333333,0
89.83333333,-6.483333333,0
89.01666667,-6.416666667,0
88.93333333,-6.35,0
89.63333333,-6.1,0
59.43333333,6.116666667,0
57.11666667,8.65,0
57.95,10.4,0
57.51666667,11.8,0
59.76666667,16.48333333,0
59.53333333,16.51666667,0
61.88333333,17.8,0
62.85,19.06666667,0
64.03333333,20.93333333,0
65.11666667,21.15,0
67.98333333,16.38333333,0
67.36666667,17.48333333,0
71.2,11.9,0
66.08333333,19.73333333,0
63.88333333,17.61666667,0
67.88333333,18.63333333,0
69.01666667,17.36666667,0
67.88333333,11.1,0
69.55,9.783333333,0
158.0333333,33.31666667,0
-20.117,16.45,1
-39.783,51.883,0
-21.93,52.567,0
13.55,-30.433,0
61.38333333,18.93333333,0
-87.355,-5.623,0
-96.33,-6.262,0
-90.52,-2.392,0
-176.45,-18.35,0
-175.54,-17.09,0
169.87,-53.63,0
167.83,-51.72,0
171.39,-50.6,0
168.93,-49.78,0
166.73,-52.42,0
169.99,-53.92,0
164.43,-54.04,0
165.41,-52.94,0
167.13,-51.93,0
119.88,-46,0
103.1,-37.64,0
105.1,-41.77,0
105.55,-43.31,0
106.45,-44.88,0
114.49,-49.5,0
114.48,-48.5,0
114.49,-48.03,0
114.14,-47.55,0
114.42,-46.45,0
114.35,-45.07,0
114.36,-43.98,0
72.15,-49.19,0
73.93,-47.48,0
100.01,-41.02,0
97.97,-38.89,0
97.54,-34,0
92.67,-34.03,0
90.69,-37.65,0
85.41,-39.89,0
82.17,-39.11,0
79.9,-38.54,0
79.92,-38.55,0
84.13,-34.81,0
100.03,-34.5,0
110.13,-46.99,0
110.18,-49.03,0
90.25,-48.28,0
90.1,-43.89,0
94.89,-42.18,0
95.08,-45.02,0
95.08,-47.13,0
95.04,-47.99,0
94.83,-49.38,0
100.06,-48.24,0
100.13,-47.24,0
100.05,-46.49,0
100.12,-45.66,0
100.02,-44.07,0
100.03,-42.45,0
99.95,-39,0
104.9,-42.01,0
105.03,-46.11,0
105.24,-48.03,0
170.06,-61.08,0
170.81,-48.67,0
174.98,-48.95,0
171.52,-51.7,0
116.0215,-18.1488,0
114.9988,-17.6428,0
114.9938,-18.245,0
113.97,-18.82,0
112.66,-20.045,0
112.989,-20.997,0
113.5,-22.129,0
112.83,-22.994,0
111.829166,-24.7445,0
112.78,-28.745,0
114.14,-30.08,0
114.589,-30.99,0
121.026,-14.00916,0
120.7096,-14.70966,0
120.958,-14.9161,0
108.51,-24.46,0
108.53,-23.737,0
110.5066,-19.41,0
112.7378,-12.2466,0
114.28,-12.379,0
112.9485,-29.349,0
114.2728,-14.81,0
113.1993,-16.5785,0
113.3356,-16.91,0
114.25766,-16.9268,0
115.265,-16.91,0
115.005,-16.009,0
116.337166,-18.7988,0
116.39,-18.96,0
112.943,-29.296,0
113.3886,-28.717,0
113.1595,-28.3925,0
111.33,-26.979,0
108.82,-24.5846,0
108.4876,-24.747,0
177.36,-37.3,0
177.44,-36.93,0
173.42,-44.53,0
174.08,-47.04,0
79.49,-46.68,0
90.11,-46.07,0
100.08,-49.92,0
128.77,-49.02,0
145.8,-47.15,0
160.45,-13.25,0
154.5833333,-8.066666667,0
53.28,-44.98,0
50.52,14.45,0
94.15,11.77,0
93.13,14.52,0
76.72,7.05,0
60.68333333,19.21666667,0
59.56666667,20.7,0
72.67,-48.6,0
73.39,-47.64,0
96.46,-46.02,0
115.67,-48.88,0
79.42,-42.5,0
90.08,-44.67,0
90.28,-41.72,0
90.1,-38.86,0
79.84,-43.51,0
97.71,-31.62,0
-81.995,-1.513,0
145.23,-9.49,0
167.23,-21.41,0
164.9666667,-23,0
176.39,-12.53,0
178,-40.4,0
172.03,-46,0
175.06,-45.96,0
177.99,-45.99,0
175.99,-45.39,0
177.06,-45.03,0
175.07,-46.47,0
174.98,-44.29,0
-177.92,-46.6,0
-177.99,-49.67,0
-178.5,-39.94,0
179.5,-42.53,0
-105.2333333,-29.36666667,0
-162.9166667,-11.18333333,0
-163.3,-10.58333333,0
157.9666667,-14.5,0
153.85,-12.41666667,0
152.8333333,0,0
112.75,-19.06666667,0
-85.81666667,-1.516666667,0
-85.82,-1.52,0
169.1833333,-26,0
174.05,-16.41666667,0
-177.6,-24.23333333,0
90.03333333,9.133333333,0
-89.42,-3.12,0
-103.3,-1.65,0
-103.63,-1.65,0
-87.75,-2.87,0
70.25,12.85,0
72.8,7.283333333,0
76.2,5.883333333,0
-85.98,-2.42,0
-11.91,-1.35,1
-10.2,-5.03,1
0.36,-5.41,1
-81.499,-20.878,0
145.24,-46.45,0
146.28,-45.15,0
149.05,-44.53,0
158.7666667,-1.6,0
177.29,-35.85,0
-171.5,-41.58,0
180,-40.03,0
-99.4666667,-3.5,0
-86.32,-0.42,0
145.99,-45.87,0
144.62,-42.31,0
-87.782,-1.897,0
-82.568,-1.913,0
-81.965,-1.313,0
-81.933,-1.35,0
-81.783,-1.358,0
-81.68,-1.35,0
-81.583,-1.337,0
179.5,-45.08,0
179.5,-44.5,0
176.91,-42.72,0
-126.2,-2.85,0
-82.07,-3.33,0
-83.93333333,-3.416666667,0
-83.93,-3.58,0
-110.3833333,-17.01666667,0
-90.47,-1.83,0
-93.37,-5.37,0
-104.7333333,-6.316666667,0
-104.73,-6.32,0
-109.42,-4.72,0
-12.81,-10.06,1
-14.61,-7.75,1
-17.26,-0.55,1
157.3666667,-0.083333333,0
152.33,-17.22,0
156.65,-10.66666667,0
77.58333333,5.116666667,0
-23.15,-0.2,1
168.8333333,-11.88333333,0
161.35,-15.23333333,0
176.0666667,-17.66666667,0
-82.067,-0.467,0
179.37,-42.23,0
178.97,-42.85,0
179.08,-44.69,0
-91.67,-1.98,0
119.75,18.27,0
115.7,20.68,0
115.78,20.333,0
115.96,20.1,0
117.38,20.117,0
118.48,21.515,0
113.2,19.33,0
113.55,18.95,0
113.64,18.658,0
113.78,18.127,0
114.9,16.708,0
115.17,17.348,0
112.9,16.093,0
113.41,16.288,0
111.53,14.758,0
115.31,10.898,0
115.08,11.622,0
115.29,11.138,0
115.56,10.12,0
112.33,8.507,0
112.08,7.182,0
112.67,6.167,0
112.21,6.158,0
112.55,6.157,0
119.35,12.833,0
118.5,11.2,0
117.967,10.333,0
116.95,8.75,0
-96.33,-6.16,0
-90.52,-2.24,0
-87.21,-3.37,0
-113.53,-7.47,0
-101.55,-7.38,0
106.517,-44.883,0
114.483,-48.5,0
114.433,-47.55,0
-117.585,31.265,0
-117.364,32.073,0
-118.125,32.476,0
-118.803,33.633,0
-118.8,32.801,0
-119.958,32.859,0
-118.23,30.28,0
-118.02,28.47,0
-114.02,4.03,0
127.33,28.55,0
128.32,27.93,0
129.12,28.55,0
129.77,27.93,0
127.85,25.68,0
129.57,27.98,0
130.5,29.33,0
109.833,9.933,0
115.617,8.233,0
115.133,9.183,0
114.017,9.333,0
113.733,9.483,0
154.583,-8.067,0
167.7255,51.268,0
-95.292,15.71,0
-86.449,5.8465,0
-86.704,4.6137,0
-86.486,3.2123,0
-81.995,-0.5134,0
-85.005,4.1198,0
-84.113,7.3167,0
167.768,51.199,0
-86.145,0.598,0
127.33,28.01,0
-102.77,-3.42,0
111.383,11.917,0
119.5,20.5,0
115.5,18.5,0
160.667,34.783,0
-66.933,-56.833,0
130.933,28.65,0
-86.85,-1.42,0
-85.17,1.27,0
-82.15,0.82,0
-83.93,3.87,0
-91.25,1.82,0
-101.72,3.33,0
-93.95,14.83,0
-115,21.02,0
-95.65,0.1,0
-104.83,-1.63,0
-107,10.05,0
-94.47,4.98,0
-94.13,1.82,0
-132.62,27.88,0
-115.53,4.73,0
-103.15,5.53,0
125.62,24.62,0
125.22,25.15,0
123.97,24.75,0
126.23,24.07,0
125.93,24.32,0
126.35,23.98,0
126.28,24.03,0
126.18,24.12,0
125.78,24.43,0
125.15,25.25,0
127.65,25.17,0
127.58,25.25,0
127.47,25.33,0
129.45,27.03,0
129.37,27.15,0
129.68,27.38,0
130,28.4,0
130.67,28.87,0
128.72,31.67,0
131,28.7,0
127.2,28.57,0
124.45,23.82,0
124.42,24.02,0
127.28,28.52,0
126.2,27.68,0
125.67,26.55,0
124.83,26.15,0
123.73,24.55,0
124.32,24.92,0
131.85,30.92,0
131.5,30.32,0
131.47,30.1,0
128.98,32.07,0
129,31.92,0
128.17,30.82,0
128.67,26.15,0
124.72,25.33,0
124.5,23.92,0
-76.538,-46.317,0
-76.955,-50.657,0
-74.319,-41.297,0
-73.533,-33.277,0
-73.652,-32.591,0
-73.345,-23.606,0
-73.345,-23.193,0
-81.436,-21.359,0
-79.04,-18.085,0
-78.109,-17.035,0
-77.098,-16.127,0
-76.6,-46.883,0
-76.667,-46.35,0
-116.82,29.87,0
128.95,26.97,0
110.5,8.5,0
110.5,12.5,0
109.5,7.5,0
126.2,27.9,0
158.8,0.433,0
142.383,1.883,0
144.85,14.517,0
148.433,15.983,0
143.067,17.667,0
135.75,25.5,0
135.333,25.9,0
132.567,27.95,0
130.833,29.65,0
140.15,27.117,0
139.967,28.433,0
139.867,30.833,0
140.433,31.983,0
128.9,29.317,0
134.133,28.533,0
126.117,27.467,0
127.967,24.667,0
122.883,25.517,0
177.9,35.317,0
177.567,35.483,0
171.9,35.283,0
151.1,31.567,0
-88.62,12.58,0
-85.1,4.25,0
-118.47,3.17,0
-85.27,5.7,0
-82.08,6.1,0
-81.7,2.47,0
-84.28,6.95,0
-87.28,1.08,0
-89.35,0.95,0
-90.32,2.73,0
-85.13,2.83,0
-80.63,3.83,0
-85.43,6.9,0
-87.3,5.3,0
-88.45,3.68,0
-86.27,3.03,0
-100.18,7.3,0
-102.67,9.5,0
-119.7,13.5,0
-136.2,2.53,0
-110.48,0.04,0
-110.577,2.755,0
-110.573,1.022,0
-95.07,-3.01,0
-90.823,-3.092,0
-89.862,1.485,0
-89.727,2.605,0
-110.498,-3.002,0
-86.48,0.1,0
-86.55,2.98,0
-81.056,0.12,0
-105,-13.68,0
-89.693,3.475,0
-106.94,-6.38,0
-94.15,-3.78,0
-85.418,-1.138,0
-85.112,-1.065,0
-85.362,6.39,0
-77.563,-16.443,0
-113.35,-31.15,0
24.3,36.5,0
14.23,38.231,1
14.018,38.157,1
13.269,38.215,1
13.346,38.247,1
3.88,42.38,0
4.16,42.23,0
12.28,36.68,0
4.83,42.85,0
3.31,42.45,0
13.34,39.41,0
4.65,42.78,0
4.95,42.4,0
5.1,42.93,0
5.06,42.98,0
4.8,42.77,0
4.82,42.83,0
-4.66,35.55,0
-4.4,35.98,0
14.3,38.49,0
13.34,39.4,0
15.05,39.1,0
13.21,40.33,0
11.43,40.35,0
11.49,36.47,0
17.18,38.06,0
17.59,41.31,0
-3.889,36.45,0
-3.28,36.15,0
-2.12,36.11,0
-1.23,36.2,0
26.58,35.66,1
33.45,32.14,0
34.21,32.04,0
34.23,32.47,0
32.42,33.4,0
32.38,33.02,0
32.35,32.41,0
17.971,41.505,0
28.2,35.292,0
-2.621,36.143,1
-1.573,36.19,1
3.48,42.48,0
27.917,33.73,0
23.417,34.5,0
18.03,38.2,0
0.5,37.58,0
29.29,32.17,1
23.09,33.24,1
29.61,31.55,1
2.64,36.74,1
2.55,36.98,1
19.94,39.16,1
-2.67,35.49,1
-2.89,35.82,1
19.92,38.57,1
13.03,35.85,1
13.32,36.49,1
10.78,38.64,1
10.59,38.93,0
9.28,39.03,1
26.83,36.08,0
27.3,35.917,0
-70.5952,-23.9998,0
-70.9015,-25.9995,0
-70.8403,-25.9998,0
-71.0512,-27.2855,0
-71.4712,-28.3837,0
-71.33,-28.4168,0
-71.613,-28.4162,0
-71.5017,-28.3833,0
-71.893,-29.4665,0
-71.6425,-29.3763,0
-71.774,-29.719,0
-71.6758,-29.6667,0
-72.1665,-29.7167,0
-71.7325,-30.167,0
-71.8695,-30.1332,0
-71.9832,-30.2003,0
-71.75,-31.0292,0
-71.7498,-31.089,0
-71.75,-31.1797,0
-71.876,-31.1077,0
-71.9687,-31.1603,0
-71.6995,-31.8823,0
-71.6255,-31.9658,0
-71.6723,-31.975,0
-71.9312,-31.9748,0
-72.0002,-31.4857,0
-71.9522,-32.2795,0
-72.1102,-33.8,0
-72.1603,-33.7997,0
-72.2748,-33.7998,0
-72.5102,-34.584,0
-74.7877,-42.4097,0
-75.001,-42.544,0
-75.2103,-42.4523,0
-74.8368,-42.5827,0
-75.3365,-42.5668,0
-75.5693,-43.3668,0
-75.2757,-43.367,0
-74.919,-43.3677,0
-75.1297,-44.0568,0
-75.1587,-44.15,0
-75.1742,-44.1998,0
-75.3903,-44.2833,0
-75.8647,-44.2842,0
-75.5925,-44.2832,0
-75.359,-44.0882,0
-74.7143,-42.1767,0
-74.4337,-41.4175,0
-74.4098,-41.2077,0
-74.55,-40.9998,0
-74.3747,-39.0705,0
-74.2138,-39.0107,0
-74.1642,-38.9913,0
-74.2665,-39.9333,0
-74.3778,-39.6958,0
-74.287,-39.7313,0
-74.1672,-39.875,0
98.26,-0.95,0
97.98,-1.18,0
96.98,1.68,0
96.66,1.6,0
98.85,-0.5,0
99.27,-0.77,0
99.12,-0.67,0
99.52,-0.94,0
99.65,-0.81,0
100.13,-1.5,0
101.5,-4.16,0
103.29,-5.87,0
102.86,-6.48,0
103.09,-6.27,0
109.16,-8.5,0
109.16,-9.31,0
110.5,-8.78,0
110.45,-9.47,0
112.64,-8.68,0
118.15,-9.65,0
118.89,-9.22,0
53.05,11.48,0
53.2,11.39,0
53.54,11.27,0
51.21,8,0
50.8,8.13,0
50.53,8.43,0
50.8,8,0
49.14,5.67,0
49.66,5.73,0
48,2.78,0
47.78,3.03,0
47.31,3.1,0
47.3,3.37,0
44.62,1.5,0
44.97,1.32,0
45.04,0.94,0
45.58,0.55,0
45.81,0.29,0
46.05,0,0
46.5,-0.41,0
43.71,-2.27,0
43.02,-1.63,0
42.55,-1.5,0
42.15,-1.32,0
40.01,-4.13,0
40.49,-4.07,0
41.38,-4.7,0
42.15,-5.02,0
53.53,-3.57,0
57.8,2.23,0
73.68,8.77,0
75.42,9.6,0
73.23,14.42,0
72.9,14.42,0
72.83,14.38,0
72.58,14.31,0
72.32,14.23,0
71.98,14.07,0
71.62,13.88,0
70.58,17.38,0
71.07,17.72,0
71.07,19.6,0
70.15,18.72,0
69.66,18.36,0
66.42,19.63,0
66.85,20.03,0
67.15,20.33,0
67.75,21.22,0
67.83,21.58,0
64.6,21.78,0
64.87,22.12,0
65.58,23.07,0
65.88,23.42,0
38.1,21.43,0
38.23,21.45,0
37.76,22.28,0
36.59,24.76,0
35.04,26.76,0
35.14,26.78,0
35.43,26.88,0
65.77,24.75,0
66.08,24.63,0
66.07,24.64,0
66.05,24.64,0
66.02,24.65,0
38.6333,-18.59,0
36.58,-19.89,0
36.7166,-20,0
37.0666,-20,0
36.925,-19.6166,0
36.6683,-19.7766,0
37.016666,-19.33,0
37.133333,-18.95,0
37.26,-18.74,0
37.3916,-18.8583,0
37.3933,-18.6116,0
36.93,-19.33,0
37.23,-18.6,0
37.4066,-19.2633,0
37.9166,-19.64333,0
38.17,-19.19,0
37.9216,-19.0933,0
37.9333,-19.0066,0
37.68,-18.05,0
37.77,-17.9016666,0
38.303333,-17.67333,0
40.31,-16.11,0
40.29,-16.11,0
40.28,-16.12,0
40.86166666,-15.966666,0
40.6,-15.9,0
40.53,-15.6,0
40.63,-15.59,0
40.61,-15.6,0
40.6,-15.6,0
41.42,-15,0
41.17,-15.02,0
40.65,-15.12,0
40.7,-15.15,0
40.76,-15.12,0
41.35,-15.18,0
41.45,-15.3,0
41.31,-16,0
41.29,-15.91,0
40.861666,-16.44,0
40.19,-16.25,0
60.25,5.39,0
64.75,14.88,0
67.34,1.9,0
68.76,15.52,0
69.05,17.08,0
63.12,20.91,0
57.35,14.32,0
65.31,23.52,0
65.83,19.62,0
68.57,15.56,0
64.56,14.44,0
59.77,16.17,0
57.75,17.69,0
57.5,17.83,0
59.77,16.175,0
57.68,17.73,0
58.79,18.74,0
60.05,20.57,0
61.9,21.61,0
60.1,23.4,0
63.01,24.25,0
63.02,24.3,0
63.88,24.89,0
65.82,24.78,0
65.96,24.86,0
65.32,23.56,0
65.32,23.54,0
66.48,23.1,0
65.8,24.78,0
75.36,10.48,0
70.02,15.88,0
71.02,17.31,0
69.5833,19.5333,0
70,19.7833,0
69.23,19.44,0
69.18,19.39,0
74.24,10.74,0
75.9,8.41,0
76.04,7.78,0
76.48,7.98,0
78,7.5833,0
76.7666,7.0666,0
67.29,22.75,0
66.34,22.13,0
67.07,22.72,0
72.55,15.5,0
73.36,13.84,0
74.2,12.36666,0
64.27,24.4,0
64.3,24.86,0
64.3,24.96,0
64.29,24.88,0
64.31,24.78,0
64.25,24.69,0
64.33,24.81,0
64.29,24.9,0
66,24.87,0
65.92,24.83,0
65.98,24.61,0
66.02,24.62,0
65.7,24.55,0
65.92,24.81,0
65.47,24.53,0
66.2,24.96,0
66.16,24.64,0
66.07,24.89,0
65.76,24.65,0
65.69,24.68,0
65.59,24.61,0
65.03,24.44,0
64.22,23.59,0
65.65,22.49,0
66.47,23.17,0
66.35,22.93,0
66.4,23.02,0
66.51,23.06,0
66.5,23.12,0
66.61,23.19,0
66.19,22.73,0
66.89,23.47,0
66.71,23.28,0
66.67,23.24,0
66.49,23.18,0
65.74,24.75,0
65.91,24.83,0
65.23,25.04,0
66.15,24.93,0
66.64,23.22,0
67.06,22.79,0
66.82,22.64,0
66.88,23.04,0
66.9,22.88,0
66.91,22.93,0
66.71,22.66,0
35.75,-20.97,0
35.85,-20.99,0
35.93,-21,0
35.96,-20.98,0
63.81,22,0
64.06,22.56,0
63.59,22.26,0
63.81,23.6,0
62.35,24.78,0
62.38,24.61,0
62.45,24.31,0
62.49,24.12,0
63.08,22.2,0
65.45,24.08,0
65.48,24.1,0
65.52,24.13,0
65.66,24.21,0
61.49,21.04,0
58.43,19.5,0
60.61,19.15,0
61.72,19.91,0
59.73,16.32,0
57.87,17.67,0
57.96,17.45,0
51.57733333,10.77866667,0
51.658,10.78283333,0
51.7705,10.78783333,0
51.94416667,10.91566667,0
52.12933333,10.81166667,0
52.24933333,10.804,0
53.5235,10.6895,0
34.5913333,27.685333,0
34.8666666,25.74233333,0
35.605,25.51966666,0
36.707,23.307,0
40.01966,17.357,0
41.66866,15.556,0
44.55,12.35833333,0
50.295,13.49333333,0
52.92,14.605,0
54.37,14.97,0
59.68333333,16.09,0
58.15,17.75,0
55.33166667,16.53166667,0
51.74833333,14.54,0
48.78333333,13.31,0
47.435,12.86166667,0
69.255,-23.3638,0
69.845,-25.35117,0
79.42633333,7.068166667,0
85.1185,4.507333333,0
91.26,20.89,0
89.665,21.1683,0
89.843,20.191,0
90.00083333,19.38,0
54.96,-3.73,0
48.58,-12.65,0
46.31,-15.6,0
53.95,-5.57,0
56.28,-5.95,0
55.76,-4.76,0
35.53483333,-35.11976667,0
47.56816667,-31.56806666,0
58.76906666,-11.2071,0
65.7495,17.7498333,0
59.69666,22.619333,0
59.8025,21.9328333,0
59.398,20.729,0
62.0783333,22.805,0
34.5967,27.6867,0
34.6823,27.7135,0
34.9693,27.8782,0
34.736,27.5757,0
34.6873,27.5277,0
34.7987,27.5807,0
34.8642,27.6115,0
35.0473,27.7117,0
35.4053,27.0533,0
35.0445,26.755,0
35.1357,26.7762,0
35.4293,26.8808,0
35.36,26.2917,0
34.8667,25.7483,0
35.085,25.75,0
36.0755,25.85,0
35.6083,25.5217,0
36.1015,25.784300000000002,0
36.23,24.76,0
36.4067,24.7683,0
36.5937,24.7598,0
36.944,24.7315,0
36.7117,23.3117,0
37.3767,22.915,0
37.7555,22.2848,0
37.7817,22.2517,0
37.98,21.4283,0
38.1017,21.425,0
38.2327,21.445,0
37.3883,19.6383,0
37.5283,19.7167,0
37.4767,19.6783,0
38.0867,20.0383,0
37.64,19.7583,0
38.0117,19.9067,0
38.21,19.9867,0
38.4233,20.105,0
38.6083,19.64,0
38.725,19.6083,0
38.7217,19.4583,0
38.7233,19.4583,0
39.0533,19.135,0
39.115,19.13,0
39.1467,19.095,0
39.1467,19.0917,0
39.0567,18.6017,0
40.0217,17.3617,0
41.68,15.94,0
41.67,15.56,0
42.214,14.998,0
42.4433,14.7167,0
42.4333,14.6422,0
44.165,12.3887,0
44.4667,12.25,0
44.4933,12.4033,0
45.7117,12.4933,0
47.4217,12.865,0
-38.783,28,1
-76.8,29.7667,1
70.058,14.763,0
70.255,12.858,0
-63.57,17.567,1
-54.03,36.9,0
68.767,-22.13,1
7.267,77.867,0
-43.9,35.583,1
7.05,78.9,0
-73.83333333,19.91666667,1
-44.05,5.433333333,1
-84.86666667,25.95,1
-86.25,20.73333333,1
-79.91666667,29.28333333,1
-85.28333333,20.4,1
142.5,27.96666667,0
14.4,69.26666667,0
-85.7,21.45,1
-7.433333333,60.65,0
158.0666667,5.216666667,1
-57.3167,10.55,1
-9.867,-50.87,1
13.4333,-50.7167,0
-45.97,54.2,0
-56.07,55.967,0
-41.07,59.15,0
-6.483,65.6,0
-5.117,75.933,0
-69.08333333,35.76666667,1
-45.96666667,4.966666667,1
-45.4,2.216666667,1
-53.06666667,24.26666667,1
-47.73333333,58.36666667,0
41.55,-4.216666667,0
-21.15,14.4,0
-27.53333333,62.65,0
-76.63333333,12.25,1
-17.91666667,62.85,0
-21.31666667,57,0
-6.733333333,66.73333333,0
-6.666666667,67.78333333,0
-6.983333333,72.96666667,0
-0.066666667,65.16666667,0
-35.6,2,1
1.616666667,71.16666667,0
-14.9,44.2,0
-21.017,36.8498,1
-17.93,62.867,0
-33.07,55.05,0
-16.97,48.3,0
-16.87,34.2,0
-19.62,29.483,1
-33.27,61.933,0
-24.53,44.017,1
-25.5,49.133,0
-15.17,52.667,0
-18.73,55.4,0
-21.32,57,0
-22.45,60.8,0
-23.02,61.183,0
-36.13333333,-2.283333333,1
-57.83333333,60.73333333,0
-52.25,-49.5,0
-47.76666667,27.91666667,1
-44.05,5.433,1
-84.867,25.95,1
-86.25,20.733,1
-85.283,20.4,1
59.36666667,23.11666667,0
174.95,-45.52,0
149.97,-44.52,0
99.89,-29.98,0
99.99,-29.98,0
97.47,-36.44,0
97.58,-30.46,0
97.6,-30.47,0
97.53,-29.66,0
91.88,-35.43,0
89.38,-39.18,0
83.87,-32.79,0
85.57,-29.96,0
88.97,-31.43,0
90.17,-31.97,0
93.48,-31.31,0
97.45,-31.15,0
94.89,-40.08,0
100.03,-37.86,0
126.247,-12.547,0
114.277,-30.5,0
121.1635,-14.3278,0
114.548,-31.11,0
-82.8,-2.6,0
-140.85,-6.133333333,0
70.05,14.76666667,0
-76.483,-43.537,0
145.98,-46.87,0
147.57,-46.38,0
-85.1,-3.6,0
-83.51666667,-3.383333333,0
-174.8833333,-11.1,0
152.35,-15.35,0
116.817,8.367,0
-106.18,-0.37,1
114.733,6.8,0
-84.016,8.3803,0
116.3,8.883,0
142.817,17.7,0
-82.73,4.6,0
-85.3,7.03,1
112.22,-19.8958,0
110.003,-24.23,0
113.0645,-28.75,0
113.368,-28.73,0
113.558,-29.24,0
124.003,-13.24,0
122.025,-13.9196,0
118.015,-18.127,0
108.369,-23.95,0
107.71,-23.729,0
116.2668,-18.56,0
13.55,-30.43333333,0
139.4166667,32.033,0
112.5166,-26.99,0
59.57,20.7,0
119.733,-53.033,0
112.75,-19.067,0
-178.49,-42.38,0
-73.517,38.183,0
-17.067,5.283,0
-12.45,66.6,0
-18.83,37.32,1
-46.35,28.57,1
-39.68,31.18,1
-34.1,32.42,1
-28.35,34.8,1
-26.2,34.82,1
-47.483,28.35,1
-43.217,29.817,1
-34.067,32.45,1
-30.383,34.65,1
-28.783,34.817,1
-24.317,35,0
-21.667,34.95,1
-17.367,34.967,1
-12.617,35.183,1
-51.583,16.717,1
-34.167,11,1
-44.967,5.983,1
-44.933,5.867,1
-44.767,5.667,1
-44.717,5.7,1
-44.733,5.7,1
-44.633,5.783,1
-44.583,5.833,1
-44.5,5.883,1
-44.467,5.967,1
-44.383,6.017,1
-44.3,6.117,1
-44.217,6.217,1
-44.083,6.317,0
-44.083,6.217,1
-44.083,6.117,1
-44.083,6.033,1
-44.083,6,1
-44.05,5.717,1
-44.083,5.6,1
-44.083,5.567,1
-44.067,5.467,1
-44.067,5.383,1
-43.75,4.733,1
-43.65,4.717,1
-43.483,4.783,1
-43.45,4.767,1
-43.2,4.867,1
-43.133,4.9,1
-43.05,4.917,1
-42.917,4.95,1
-42.883,4.95,1
-42.783,5,1
-42.733,5.033,1
-43.333,4.8,1
-43.067,4.75,1
-43.317,4.85,1
-43.383,4.567,1
-43.7,4.367,1
-43.667,4.367,1
-43.483,4.35,1
-43.417,4.35,1
-43.433,4.333,1
-43.433,4.35,1
-43.483,4.333,1
-43.483,4.7,1
-43.3,4.767,1
-43.033,4.883,1
-42.983,4.867,1
-42.733,5.15,1
-22.6,17.55,1
-24.57,18.4,1
-27.47,19.58,1
-27.38,36.35,1
-26.58,36.87,1
-25.35,18.72,1
-29.45,20.53,1
-20.33,25.45,1
-25.4,28.88,1
-29.57,34.72,1
-28.22,35.8,1
-21.08,18.22,1
-20.63,16.02,1
-75.583,14.267,1
-74.883,14,1
-88.983,28,1
-91.367,25.283,1
-94.683,25.6,1
-94.35,26.317,1
-90.733,25.683,1
-91.45,24.783,1
-92.483,23.45,1
-88.983,25.05,1
-81.633,13.483,1
-86.3,23.433,1
-91.6,22.933,1
-94.833,22.083,1
-95.833,21.717,1
-96.333,22.617,1
-94.383,24.05,1
-92.467,24.9,1
-89.417,26.3,1
-84.75,25.183,1
-95.533,23.4,1
-93.667,22.9,1
-86.133,20.45,1
-75.033,11.917,1
-74.85,12.883,1
-71.667,15.617,1
-75.45,16.717,1
-75.95,15.067,1
-78.75,14.883,1
-76.95,10.033,1
-3.45,44.32,1
-30.423,39.927,0
-30.962,40.57,0
-32.053,40.505,0
-32.073,41.13,1
-32.712,42.03,1
-32.263,42.337,0
-34.022,44.713,1
-39.438,45.09,1
-54.033,36.9,0
-77.767,12.4,1
-74.617,37.017,1
-74.15,37.683,0
-80.233,15.033,1
-78.367,13.233,1
-84.483,23.917,1
-84.65,24.683,1
-77.233,14.45,1
-15.083,29.8,1
-90.1,24.383,1
-92.133,23.583,1
-77.95,15.317,1
-76.633,12.25,1
-74.45,16.133,1
-76.233,17.033,1
-54.333,42.783,0
-15.8,43.967,0
-13.55,39.583,1
-32.583,44.533,0
-73.917,14.933,1
-72.367,13.933,1
-78.683,11.933,1
-81.15,10.983,1
-18.067,17.967,1
-20,20.067,1
-19.333,17.117,1
-19.917,19.867,1
-17.667,23.183,1
-17.333,25.15,1
-17.2,24.883,1
-57.65,-43.467,0
-24.783,-39.817,0
1,-34.08,0
2.8332,-32.883,0
11.2,-22.333,0
14.7,-31.067,0
6.3,-21.43,0
-42.15,-50.767,0
12.583,-33.4,0
15.983,-33.233,0
10.8,-21.833,0
-6.633,-44.467,0
-13.833,-33.95,0
19.533,-36.333,0
-15.467,-39.767,0
8.867,-21.833,0
13.015,-28.083,0
-43.95,58.797,0
-40.228,60.283,0
-20.733,55.112,0
-45.897,57.978,0
-43.96,58.79,0
53.45,13.43333333,0
88.08333333,14.15,0
114.417,-46.45,0
72.805,7.28,0
119.7333333,-53.03333333,0
66.28333333,19.2,0
67.3,21.46666667,0
114.367,-43.983,0
-70.5422,-22.8672,0
-70.4898,-22.8672,0
-70.6118,-22.8003,0
-70.5802,-22.8417,0
-70.8237,-24.0332,0
-70.832,-23.9997,0
-70.9998,-26.0002,0
-70.8092,-25.9997,0
-70.868,-26,0
-71.2365,-26.018,0
-73.5887,-35.7832,0
-73.4757,-35.7833,0
-73.2267,-35.7833,0
-73.0732,-36.0388,0
-73.667,-36.542,0
-73.5957,-36.4258,0
-73.7745,-36.4665,0
-73.9078,-36.4528,0
-73.9522,-37.3993,0
-74.5598,-42.0902,0
-74.3915,-38.172,0
-74.3342,-38.1962,0
-74.077,-38.2053,0
-74.0585,-38.0898,0
-73.9327,-38.122,0
-73.9647,-38.0415,0
-73.7485,-37.9997,0
-73.728,-37.9998,0
-74.066,-39.8165,0
-73.9373,-40.0428,0
-73.9257,-39.9893,0
-73.8827,-39.9143,0
-73.5753,-39.8213,0
-73.902,-39.7668,0
96.89,1.63,0
99.76,-0.7,0
99.6,-1.7,0
99.95,-1.56,0
103.66,-5.34,0
103.25,-5.94,0
104.64,-7.11,0
112.87,-8.68,0
113.2,-9.73,0
118.3,-9.54,0
119.29,-9.15,0
121.15,-9.6,0
120.92,-9.6,0
38.14,-17.72,0
38.635,-17.375,0
39.135,-17.145,0
39.78,-16.606666,0
64.3,24.85,0
52.91466667,10.77766667,0
-41.75,50.9332,1
-67.3333,35.7167,1
-68.9167,36.1333,1
-69.15,36.15,1
-74.35,31.8333,1
-72.95,37.65,1
-42.65,39.1332,1
-17.0667,5.2833,1
-18.3,3.65,1
-24.1667,-0.05,0
62.5,-14.03333333,1
70.4,-25.41666667,1
58.51666667,-10.35,1
59.68333333,-13.68333333,1
114.3833333,-31.51666667,1
67.88333333,-39.73333333,1
113.9333333,-31.26666667,1
87.85,-18.68333333,1
70.2,-14.9,1
62,-17.8,1
73.88333333,-23.93333333,1
75.05,-39.83333333,1
114.368,-43.953,1
46.2,-43.78,1
92.417,-44.77,1
104.37,-39.38,1
120.9,-36.75,1
114.13,-41.37,1
63.15,12.05,1
58.083,17.883,1
-10.57,45.1,1
54.217,-34.33,1
57.633,-22.4,1
67.583,-34.92,1
69.55,-36.48,1
83.483,-38.03,1
95.967,-28.07,1
112.98,-33.8,1
114.12,-31.57,1
112.8,-21.42,1
11.307,-25.49,1
61.617,-12.38,1
59.872,-12.85,1
59.638,-13.61,1
58.852,-15.59,1
58.633,-16.23,1
61.203,-2.807,1
66.29,19.193,1
67.298,21.472,1
72.763,9.582,1
65.617,-13.22,1
-54.9,42.467,1
-64.6,40.767,1
7.017,-22.98,1
65.517,3.867,1
56.233,11.433,1
53.45,13.433,1
51,14.3,1
48.4,12.867,1
46.75,11.85,1
45.633,12.617,1
13.5,-39.2,1
15.917,-35.88,1
64.817,-4.3,1
66.3,-2.833,1
69.45,-0.633,1
15,-33.2,1
16.433,-33.35,1
43.5,-37.15,1
79.567,-29.73,1
82.85,-31.05,1
83.8,-31.63,1
84.85,-32.38,1
91.717,-30.2,1
92.833,-28.883,1
95.183,-28.017,1
99.25,-31.53,1
-28.93,24.967,1
-34.13,27.967,1
-47.73,58.367,1
-80.43,11.75,1
15.983,-33.23,1
29.933,-38.98,1
37.867,-37.63,1
63.533,-20.58,1
114.45,-30.57,1
140.62,-38.57,1
62.783,8.117,1
61.067,7.433,1
41.55,-4.217,1
41.6,-19.92,1
13.283,-30.58,1
9.583,-29.52,1
10.8,-21.83,1
-9.083,1.417,1
-15.05,3.65,1
68.483,-21.98,1
64.9,-23.05,1
-68.53,38.283,1
-52.3,32.65,1
-45.13,41.517,1
-21.93,52.583,1
-16.92,46,1
-17.92,6.267,1
-18.25,6.033,1
-18.08,5.833,1
-60.5,42.267,1
-14.68,43.8,1
-17.07,42.7,1
-20.15,39.717,1
-13.55,39.617,1
-39.87,44.167,1
-37.3,50.1,1
-46.87,54.033,1
-13.63,1.05,1
-0.833,73.483,1
88.083,14.15,1
-25.15,42.85,1
-23.87,45.3,1
-17.53,52.367,1
-25.12,61.55,1
-41.75,50.93333333,1
-68.91666667,36.13333333,1
-74.35,31.83333333,1
-17.06666667,5.283333333,1
-27.01666667,-1.5,1
51.9,12,1
53.16666667,10.25,1
51.73333333,8.983333333,1
51.61666667,8.9,1
60.21666667,9.216666667,1
69.43333333,20.15,1
67.91666667,20.11666667,1
59.55,21,1
61.01666667,20.83333333,1
57.18333333,17.43333333,1
54.76666667,16.23333333,1
54.63333333,15.26666667,1
57.35,14.93333333,1
71.56666667,13.58333333,1
74.18333333,9.9,1
73.4,7.033333333,1
127.85,-9.1,1
133.8333333,-4.883333333,1
131.9833333,-4.666666667,1
130.6166667,-2.633333333,1
112.6833333,-11.88333333,1
175.3833333,36.56666667,1
178.6333333,36.43333333,1
46.98333333,-13.3,1
41.61666667,-12.98333333,1
41.4,-13.18333333,1
41.55,-16.06666667,1
41.83333333,-11.51666667,1
-121.8833333,19,1
119.05,7.916666667,1
118.55,8.5,1
87.78333333,11.38333333,1
80.86666667,14.26666667,1
87.31666667,15.3,1
91.23333333,15.21666667,1
91.53333333,19,1
89.31666667,20.33333333,1
86.9,13.48333333,1
89.03333333,6.916666667,1
88.58333333,4.183333333,1
57.36666667,17.7,1
57.38333333,17.56666667,1
57.36666667,13.86666667,1
60.66666667,16.61666667,1
58.33333333,19.15,1
58.98333333,19.7,1
59.6,21,1
59.73333333,21.75,1
60.18333333,20.75,1
60.61666667,20,1
60.75,19.55,1
61.68333333,19.93333333,1
60.83333333,21.71666667,1
60.15,22.68333333,1
59.75,22.68333333,1
59.61666667,22.61666667,1
59.71666667,22.63333333,1
63.15,22.18333333,1
58.78333333,24.06666667,1
62.06666667,-18.35,1
62.83333333,-12.26666667,1
55.5,-8.933333333,1
61.81666667,-26.93333333,1
69.01666667,-8.316666667,1
71.21666667,-2.45,1
70.23333333,-2.333333333,1
69.25,-2.2,1
88.85,2.966666667,1
91.05,2.916666667,1
91.68333333,2.983333333,1
97.88333333,-0.566666667,1
-130.6166667,3.333333333,1
-133.3833333,-9.983333333,1
-148.4833333,-16.78333333,1
-143.6666667,-28.56666667,1
-127.3333333,-44.21666667,1
-102,-42,1
-79.5,-34.5,1
-106.5,-28.48333333,1
-118.2333333,-23.61666667,1
-115.2,-22.08333333,1
-113.3,-4.033333333,1
-115.7166667,-26.3,1
-112.1,-14.73333333,1
-109.7166667,-11.7,1
-110.6833333,-9.883333333,1
156.0666667,4.85,1
156.2333333,2.783333333,1
157,-2.233333333,1
161.3166667,-3.6,1
160.8,-1.75,1
159.0666667,-1.633333333,1
158.7,-0.016666667,1
160.4166667,-0.016666667,1
161,0,1
161.9833333,0,1
161,0.883333333,1
161.6,1.1,1
-24.31666667,35,1
-44.08333333,6.316666667,1
72.78333333,-5.383333333,1
63.71666667,-5.566666667,1
59.25,-5.433333333,1
73.6,-35.78333333,1
78.43333333,-37.31666667,1
98.86666667,-32,1
65.96666667,-5.716666667,1
100.3333333,-32.1,1
113.9333333,-32.26666667,1
148.7,-14.5,1
154.7333333,-15.71666667,1
155,-16.05,1
155.9333333,-14.78333333,1
156.85,-13.28333333,1
157.2166667,-12.53333333,1
158.05,-11.31666667,1
163.2166667,-6.666666667,1
165.4166667,-5.7,1
168.0333333,-4.516666667,1
170.0333333,-3.383333333,1
73.11666667,9.05,1
71.51666667,16.98333333,1
50.51666667,14.45,1
95.15,8.716666667,1
95.05,10.2,1
93.68333333,11.15,1
94.15,11.76666667,1
95.93333333,13.56666667,1
93.13333333,14.51666667,1
91.01666667,18.36666667,1
90.48333333,17.4,1
92.06666667,12.4,1
76.71666667,7.5,1
73.98333333,12.31666667,1
71.88333333,13.96666667,1
58.43333333,19.3,1
117.9333333,12.65,1
117.9166667,12.31666667,1
118.0666667,12.15,1
118.4833333,11,1
118.7166667,11.58333333,1
118.6333333,11.63333333,1
118.5166667,11.71666667,1
118.3333333,11.88333333,1
118.2166667,11.93333333,1
118.2833333,10.6,1
116.4166667,7.7,1
116.2333333,7.85,1
116.1166667,7.883333333,1
116.1666667,7.816666667,1
118.3833333,8.05,1
118.5666667,8.15,1
118.7166667,8.216666667,1
118.9,8.3,1
118.95,8.35,1
118.8333333,8.3,1
118.8833333,6.75,1
118.9666667,6.8,1
119.3666667,7,1
120.3333333,7.533333333,1
119.9333333,7.483333333,1
119.4833333,7.166666667,1
119.05,6.9,1
-139.9666667,4.583333333,1
-174.3166667,17.86666667,1
62.66666667,-17.8,1
-154.75,-24.68333333,1
-150.5833333,-13.88333333,1
-149.4,-4.433333333,1
-147.5666667,-0.25,1
-157.3833333,21.55,1
-157.8166667,21.7,1
167.5666667,-20.58333333,1
176.6,-14.6,1
175.4166667,-10.75,1
175.3,-11.13333333,1
172.4833333,-2.066666667,1
171.4,-2.1,1
170.3,-2.266666667,1
168.1,1.15,1
-165.3833333,-4.066666667,1
-166.1,-5.483333333,1
-165.3833333,-4.75,1
-165.55,10.5,1
-161.9833333,10.01666667,1
-168.8666667,8.566666667,1
-171.1833333,10.16666667,1
-170.95,10.38333333,1
-85.98333333,-0.15,1
104.3666667,-39.38333333,1
160.45,-32.41666667,1
105.2333333,-29.36666667,1
-79.15,-18,1
-123.4333333,-27.43333333,1
-179.6833333,-24.76666667,1
172.6,-28.75,1
170.2166667,-31.61666667,1
168.7333333,-33.23333333,1
114.1333333,-41.36666667,1
111.3833333,-39.78333333,1
113.3666667,-29.33333333,1
114.55,-31.28333333,1
72.8,7.4,1
59.6,19.56666667,1
60.41666667,19.08333333,1
58.08333333,17.88333333,1
-14.9,44.18333333,1
-10.55,45.08333333,1
-87.81666667,4.683333333,1
-88.53333333,4.516666667,1
157.9666667,-14.53333333,1
152.85,-12.41666667,1
156.4333333,-3.033333333,1
156.9833333,-2.65,1
156.3,-1.133333333,1
155.2333333,-0.8,1
153.9833333,-0.333333333,1
152.9333333,-0.033333333,1
149.2,1.266666667,1
150.3833333,6.766666667,1
158,33.08333333,1
158.8,31.41666667,1
154.6333333,32.13333333,1
159.1666667,34.58333333,1
-84.31666667,6.283333333,1
-36.95,-1.166666667,1
-35.1,-34.7,1
-9.866666667,-50.86666667,0
12.58333333,-39.26666667,1
18.45,-35.78333333,1
54.21666667,-34.33333333,1
57.63333333,-22.4,1
67.58333333,-34.91666667,1
69.55,-36.48333333,1
71.53333333,-37.8,1
82.25,-39.71666667,1
83.48333333,-38.03333333,1
86.65,-37.98333333,1
90.21666667,-36.1,1
91.93333333,-33.63333333,1
94.41666667,-30.06666667,1
95.96666667,-28.06666667,1
110.55,-33.06666667,1
112.7666667,-33.78333333,1
114.1166667,-31.56666667,1
110.0166667,-25.48333333,1
112.8,-21.41666667,1
119,-6.016666667,1
145.8333333,16.53333333,1
149.9166667,20.91666667,1
142.9,26.8,1
139.0333333,33.2,1
-130.1166667,47.15,1
-139.7166667,-1.983333333,1
-146.8666667,-14.78333333,1
-139.9666667,-14.81666667,1
-114.6166667,-5.983333333,1
-110.8,-8.8,1
-106.9666667,-11.33333333,1
169.2,-26,1
157.8666667,-25.88333333,1
163.5166667,-24.88333333,1
168.3833333,-3.733333333,1
164.8166667,1.633333333,1
163.3333333,3.6,1
134.15,33,1
134.15,32.3,1
133.2833333,29.76666667,1
131.4166667,29.55,1
-157.9333333,20.78333333,1
-177.6,-24.2,1
-24.78333333,-39.81666667,1
-28.86666667,-37.86666667,1
-13.15,-36.88333333,1
-10.08333333,-37.25,1
-6.716666667,-36.15,1
-4.75,-34.95,1
1,-34.06666667,1
2.833333333,-32.88333333,1
11.53333333,-30.46666667,1
29.18333333,-33.21666667,1
34.03333333,-30.3,1
37,-26.93333333,1
41.56666667,-10.35,1
65.2,2.983333333,1
67.71666667,-2.833333333,1
69.86666667,2.5,1
74.6,0.783333333,1
76.16666667,0.8,1
71,6.233333333,1
90.01666667,12.7,1
89.58333333,13.05,1
88.63333333,15.05,1
90.56666667,15.16666667,1
96.06666667,12.76666667,1
93.33333333,9.333333333,1
126.1833333,23.95,1
126.3333333,26.58333333,1
170.0166667,38.1,1
-157.2333333,21.46666667,1
-170.0666667,19.08333333,1
-175.2666667,13.86666667,1
-103.6333333,-1.65,1
-90.93333333,4.75,1
2.633333333,2.016666667,1
8.866666667,-21.88333333,1
11.3,-25.48333333,1
71.88333333,-12.46666667,1
88.56666667,-9.033333333,1
90.01666667,-2.383333333,1
90.13333333,-2.283333333,1
89.95,-0.833333333,1
90,-0.466666667,1
90.16666667,1.466666667,1
90.51666667,5.85,1
102.45,-5.966666667,1
103.6666667,-12.88333333,1
119.45,-15.2,1
124.6833333,-10.41666667,1
124.5166667,-8.516666667,1
125.0166667,-8.45,1
124.1166667,-6.866666667,1
126.15,-0.95,1
119.95,4.416666667,1
123.6833333,26.1,1
126.35,26.83333333,1
137.9833333,33.46666667,1
-49.03333333,-33.56666667,1
6.3,-21.43333333,1
13.15,-28.08333333,1
14.7,-31.06666667,1
36.01666667,-32.11666667,1
37.65,-31.53333333,1
43.93333333,-29.28333333,1
44.81666667,-29.91666667,1
45.78333333,-32.26666667,1
47.6,-32.65,1
54.1,-31.85,1
57.41666667,-31.08333333,1
58.68333333,-28.8,1
61.33333333,-29.08333333,1
69.48333333,-25.35,1
70.51666667,-24.28333333,1
69.68333333,-23.68333333,1
68.68333333,-21.68333333,1
68.46666667,-20.61666667,1
66.11666667,-16.35,1
64.73333333,-12.3,1
56.63333333,-13.15,1
57.71666667,-10.5,1
66.1,15.03333333,1
84.56666667,0.866666667,1
85.33333333,7.433333333,1
93.53333333,6.5,1
96.26666667,6.4,1
158.7666667,3.75,1
159.45,1.75,1
159.4,1.75,1
169,2.15,1
163.8,1.65,1
165.5833333,0.183333333,1
166.55,1.666666667,1
165.7333333,4.1,1
168.8333333,3.5,1
57.86666667,17.68333333,1
57.73333333,17.63333333,1
57.73333333,17.65,1
57.63333333,17.71666667,1
57.61666667,17.71666667,1
57.61666667,17.78333333,1
57.66666667,17.76666667,1
57.58333333,17.9,1
57.61666667,18.06666667,1
57.68333333,18.25,1
57.21666667,18.25,1
57.63333333,18.28333333,1
57.65,18.28333333,1
57.55,18.26666667,1
57.53333333,18.11666667,1
57.55,18.06666667,1
57.81666667,17.71666667,1
57.65,17.61666667,1
57.66666667,17.66666667,1
57.6,17.91666667,1
57.68333333,18.21666667,1
57.65,18.23333333,1
57.6,18.23333333,1
57.55,18.31666667,1
59.86666667,16.61666667,1
59.78333333,16.53333333,1
59.78333333,16.51666667,1
59.76666667,16.53333333,1
59.68333333,16.6,1
59.71666667,16.65,1
59.68333333,16.63333333,1
59.66666667,16.65,1
59.66666667,16.66666667,1
59.6,16.7,1
59.6,16.68333333,1
59.45,16.53333333,1
59.35,16.48333333,1
59.3,16.35,1
59.18333333,16.36666667,1
59.85,16.61666667,1
59.85,16.66666667,1
60.68333333,16.16666667,1
-131.8833333,-1.666666667,1
-118.05,3.95,1
-99.93333333,5.65,1
-89.45,2.3,1
-97.8,-13.53333333,1
-107.9833333,-12.8,1
-111.2,-12.55,1
-112.6166667,-12.5,1
-113.4833333,-14.68333333,1
-119.6,-14,1
-122.4666667,-14.01666667,1
-125.35,-13.9,1
-128.4833333,-14.03333333,1
-139.5833333,-14.05,1
-142.45,-15.25,1
-145.1166667,-16.5,1
-145.8,-15.85,1
-147.45,-15.66666667,1
-121.4333333,2.466666667,1
-105.9333333,2.433333333,1
-99.46666667,-3.5,1
-95.65,4.266666667,1
-85.63333333,4.033333333,1
-86.31666667,-0.416666667,1
-114.0666667,-5.016666667,1
-113.8666667,1.483333333,1
-140.25,4.466666667,1
159.25,32.33333333,1
159.2166667,32.31666667,1
159.9833333,0.566666667,1
157.0666667,0.866666667,1
154.7666667,0.8,1
152.6166667,1.666666667,1
-166.5833333,-8.016666667,1
-130.6166667,4.566666667,1
-137.0666667,-2.516666667,1
-141.1333333,2.533333333,1
-160.5,5.35,1
59.6,17.21666667,1
65.08333333,10.03333333,1
59.95,17.2,1
58.46666667,19.5,1
57.83333333,17.7,1
57.5,17.81666667,1
57.7,17.66666667,1
57.58333333,17.75,1
57.48333333,17.75,1
57.35,17.81666667,1
61.48333333,15.98333333,1
58.36666667,19.23333333,1
58.51666667,19.23333333,1
58.26666667,19.21666667,1
58.35,19.28333333,1
58.48333333,19.51666667,1
58.23333333,19.26666667,1
58.61666667,19.65,1
59.8,16.61666667,1
58.8,17.38333333,1
-88.01666667,0.9,1
139.4166667,32.03333333,1
-54.9,42.46666667,1
-54.03333333,36.9,1
-64.6,40.76666667,1
-20.36666667,-40.9,1
8.083333333,-36.5,1
-42.15,-50.76666667,1
15.91666667,-35.88333333,1
32.86666667,-29.65,1
43.78333333,-28.43333333,1
66.98333333,-2.45,1
65.51666667,3.866666667,1
58.56666667,8.65,1
57.18333333,10.25,1
56.23333333,11.45,1
48.4,12.86666667,1
45.63333333,12.61666667,1
-85.28333333,6.35,1
10.75,-32.13333333,1
12.58333333,-33.4,1
16.43333333,-33.35,1
79.56666667,-29.75,1
82.95,-31.05,1
83.81666667,-31.63333333,1
84.85,-32.38333333,1
89.13333333,-33.38333333,1
91.71666667,-30.2,1
92.83333333,-28.88333333,1
95.18333333,-28.01666667,1
99.25,-31.53333333,1
115.1,-35.06666667,1
-41.03333333,-28.83333333,1
-49.86666667,-33.15,1
-28.93333333,24.96666667,1
15.01666667,-32.33333333,1
15.98333333,-33.23333333,1
29.93333333,-38.98333333,1
37.86666667,-37.63333333,1
41.85,-36.11666667,1
46.56666667,-32.43333333,1
48.08333333,-31.2,1
49.55,-29.03333333,1
63.53333333,-20.58333333,1
65.93333333,-21.03333333,1
74.36666667,-22.38333333,1
87.11666667,-25.63333333,1
114.45,-30.56666667,1
113.9833333,-34.31666667,1
118.7833333,-36.11666667,1
140.6166667,-38.56666667,1
141.65,-39.78333333,1
-174.4333333,-20.96666667,1
-161.0666667,-12.78333333,1
-83.93333333,-3.583333333,1
-92.88333333,-13.21666667,1
-96.2,-14.1,1
-113.5166667,-17.01666667,1
-114.1833333,-17,1
-121.2,-16.93333333,1
-124.3833333,-16.65,1
170.7666667,0.1,1
168.0333333,2.366666667,1
140.05,11.85,1
86.35,-20.65,1
76.55,7.116666667,1
74.21666667,7.583333333,1
73.25,8.116666667,1
62.78333333,8.116666667,1
61.06666667,7.433333333,1
59.33333333,6.7,1
60.66666667,6.866666667,1
41.18333333,-6.683333333,1
44.15,-13.13333333,1
42.85,-14.88333333,1
41.1,-16.93333333,1
39.5,-17.9,1
41.6,-19.91666667,1
39.96666667,-23.18333333,1
38.85,-23.36666667,1
37.85,-23.51666667,1
13.28333333,-30.58333333,1
9.583333333,-29.51666667,1
4.1,-25.76666667,1
10.8,-21.83333333,1
-9.083333333,1.416666667,1
-176.95,28.3,1
140.5666667,32.96666667,1
132.7833333,4.65,1
69.23333333,-21.8,1
68.48333333,-21.98333333,1
68,-22.3,1
66.3,-22.7,1
47.41666667,-28.01666667,1
40.9,-25.11666667,1
32.1,-33.6,1
28.1,-34.6,1
25.28333333,-36.31666667,1
-68.53333333,38.28333333,1
-89.68333333,-1.216666667,1
-109.4166667,-4.716666667,1
-112.3666667,-4.333333333,1
-133.25,-12.03333333,1
-136.7166667,-17.65,1
142.4666667,24.61666667,1
126.15,26.46666667,1
127.4166667,25.6,1
127.5666667,25.73333333,1
126.9333333,25.16666667,1
163.0333333,37.68333333,1
24.58333333,-39.58333333,1
-21.93333333,52.58333333,1
-16.91666667,46,1
-97.13333333,3.066666667,1
-100.3,1.416666667,1
-109.3333333,1.716666667,1
-177.9833333,27.66666667,1
162.2,1.216666667,1
158.8,0.433333333,1
156.7,2.35,1
142.3666667,18.6,1
132.4333333,3.516666667,1
141.3,2.066666667,1
143.7666667,1.816666667,1
157.3666667,-0.833333333,1
157.45,-1.683333333,1
155.7,-2.2,1
154.95,-2.416666667,1
147.9166667,-14.95,1
146.85,-15.91666667,1
151.45,-18.2,1
150.7833333,-16.51666667,1
148.05,-15.28333333,1
146.8666667,-16.33333333,1
146.8833333,-13.51666667,1
145.85,-14.3,1
146.8166667,-14.68333333,1
148.7833333,-15.81666667,1
149,-18.5,1
146.25,-15.33333333,1
146.2,-12.86666667,1
126.5833333,-9.633333333,1
58.16666667,-30.91666667,1
49.56666667,-36.5,1
45.65,-36.21666667,1
25.11666667,-36.98333333,1
24.95,-37.05,1
1.483333333,-33.1,1
-2.816666667,-32.03333333,1
-3.483333333,-34.2,1
-10.6,-34.45,1
-13.83333333,-33.95,1
-19.55,-33.25,1
-17.9,6.266666667,1
-18.23333333,6.016666667,1
-18.08333333,5.833333333,1
-34.63333333,-1.55,1
-54.33333333,42.78333333,1
-60.48333333,42.26666667,1
-39.86666667,44.15,1
-46.85,54.03333333,1
-16.96666667,48.28333333,1
-14.68333333,43.78333333,1
-15.8,43.96666667,1
-17.06666667,42.68333333,1
-16.85,34.18333333,1
-23.95,-22.05,1
-18.71666667,-33.05,1
-16.86666667,-36.55,1
-1.683333333,-31.35,1
2.183333333,-29.51666667,1
5.716666667,2.25,1
-13.61666667,1.033333333,1
-0.833333333,73.48333333,1
-22.26666667,49.45,1
-19.98333333,47.46666667,1
-32.58333333,44.53333333,1
-42.1,42.16666667,1
-91.53333333,3.7,1
-169.8,10.65,1
-173.9333333,2.766666667,1
-179.4166667,0.95,1
177,-11.76666667,1
176.4333333,-14.05,1
174.5333333,-11.31666667,1
168.6833333,-10.66666667,1
167.9,-8.633333333,1
167.7666667,-8.4,1
166.75,-5.5,1
161.75,-6.266666667,1
161.3833333,-6.316666667,1
158.9666667,-7.133333333,1
160.4833333,-5.45,1
161.9666667,-3.583333333,1
163.2666667,-0.916666667,1
160.4833333,1.016666667,1
159.1833333,3.25,1
153.3,7.45,1
138.5333333,11.06666667,1
142.7166667,14.36666667,1
142.45,20.1,1
129.65,-2.516666667,1
132.3,-3.65,1
130.2333333,-9.1,1
120.5,-14.1,1
117.95,-17.66666667,1
104.9,-6.583333333,1
90.26666667,-6.733333333,1
83.33333333,4.283333333,1
85.96666667,6.683333333,1
88.73333333,11.95,1
76.36666667,6.583333333,1
73.8,5.083333333,1
76.25,3.083333333,1
72.38333333,-10.25,1
69.81666667,-6,1
27.61666667,-34.8,1
19.53333333,-36.33333333,1
7.416666667,-24.21666667,1
-23.86666667,45.3,1
-25.5,49.13333333,1
-17.53333333,52.36666667,1
-15.16666667,52.66666667,1
-25.11666667,61.55,1
168.8666667,-4.266666667,1
168.8833333,-5.583333333,1
123.05,-7.516666667,1
126.7333333,1.35,1
127.8333333,2.7,1
127.3666667,2.95,1
63.43333333,-6.266666667,1
90.6,-6.366666667,1
89.96666667,-6.2,1
89.8,-6.166666667,1
89.58333333,-6.116666667,1
89.16666667,-6.083333333,1
89.83333333,-6.483333333,1
89.01666667,-6.416666667,1
88.93333333,-6.35,1
89.63333333,-6.1,1
59.43333333,6.116666667,1
57.11666667,8.65,1
57.95,10.4,1
57.51666667,11.8,1
59.76666667,16.48333333,1
59.53333333,16.51666667,1
61.88333333,17.8,1
62.85,19.06666667,1
64.03333333,20.93333333,1
65.11666667,21.15,1
67.98333333,16.38333333,1
67.36666667,17.48333333,1
71.2,11.9,1
66.08333333,19.73333333,1
63.88333333,17.61666667,1
67.88333333,18.63333333,1
69.01666667,17.36666667,1
67.88333333,11.1,1
69.55,9.783333333,1
158.0333333,33.31666667,1
-5.3333,45.367,1
-12.45,55.55,1
-17.77,49.15,1
-3.8333,45.9,1
-4.2198,44.77,1
13.55,-30.433,1
61.38333333,18.93333333,1
-87.355,-5.623,1
-96.33,-6.262,1
-90.52,-2.392,1
166.39,-51.95,0
174.32,-50.52,0
177.36,-37.3,1
177.44,-36.93,1
160.45,-13.25,1
154.5833333,-8.066666667,1
50.52,14.45,1
94.15,11.77,1
93.13,14.52,1
76.72,7.05,1
60.68333333,19.21666667,1
59.56666667,20.7,1
79.42,-42.5,1
90.08,-44.67,1
90.1,-38.86,1
79.84,-43.51,1
97.71,-31.62,1
-81.995,-1.513,1
178,-40.4,1
175.99,-45.39,1
179.5,-42.53,1
-105.2333333,-29.36666667,1
-162.9166667,-11.18333333,1
-163.3,-10.58333333,1
157.9666667,-14.5,1
153.85,-12.41666667,1
152.8333333,0,1
112.75,-19.06666667,1
-85.81666667,-1.533333333,1
-85.81666667,-1.516666667,1
169.1833333,-26,1
166.7166667,-1.266666667,1
-177.6,-24.23333333,1
90.03333333,9.133333333,1
-89.41666667,-3.116666667,1
-103.3,-1.65,1
70.25,12.85,1
72.8,7.283333333,1
76.2,5.883333333,1
-81.499,-20.878,1
149.05,-44.53,1
146.28,-45.15,1
177.29,-35.85,1
-171.5,-41.58,1
180,-40.03,1
144.62,-42.31,1
-87.782,-1.897,1
-81.965,-1.313,1
-81.933,-1.35,1
-81.783,-1.358,1
-81.68,-1.35,1
-81.583,-1.337,1
176.91,-42.72,1
-126.2,-2.85,1
-83.93333333,-3.416666667,1
-110.3833333,-17.01666667,1
-104.7333333,-6.316666667,1
156.65,-10.66666667,1
77.58333333,5.116666667,1
168.8333333,-11.88333333,1
161.35,-15.23333333,1
176.0666667,-17.66666667,1
-82.067,-0.467,1
179.37,-42.23,1
179.08,-44.69,1
119.75,18.27,1
115.7,20.68,1
115.78,20.333,1
115.96,20.1,1
117.38,20.117,1
118.48,21.515,1
113.2,19.33,1
113.55,18.95,1
113.64,18.658,1
113.78,18.127,1
114.9,16.708,1
115.17,17.348,1
112.9,16.093,1
113.41,16.288,1
111.53,14.758,1
115.08,11.622,1
115.29,11.138,1
115.56,10.12,1
112.33,8.507,1
112.08,7.182,1
112.67,6.167,1
112.21,6.158,1
112.55,6.157,1
-96.33,-6.16,1
-90.52,-2.24,1
-87.21,-3.37,1
-113.53,-7.47,1
-101.55,-7.38,1
-117.585,31.265,1
-117.364,32.073,1
-118.125,32.476,1
-118.803,33.633,1
-118.8,32.801,1
-119.958,32.859,1
-118.23,30.28,1
-114.02,4.03,1
127.33,28.55,1
128.32,27.93,1
129.12,28.55,1
129.77,27.93,1
127.85,25.68,1
129.57,27.98,1
130.5,29.33,1
154.583,-8.067,1
-95.292,15.71,1
-86.449,5.8465,1
-86.704,4.6137,1
-86.486,3.2123,1
-81.995,-0.5134,1
-85.005,4.1198,1
-84.113,7.3167,1
-86.145,0.598,1
127.33,28.01,1
-102.77,-3.42,1
130.933,28.65,1
-86.85,-1.42,1
-85.17,1.27,1
-82.15,0.82,1
-83.93,3.87,1
-91.25,1.82,1
-101.72,3.33,1
-85.82,-1.52,1
-93.95,14.83,1
-115,21.02,1
-95.65,0.1,1
-104.83,-1.63,1
-107,10.05,1
-94.13,1.82,1
-87.75,-2.87,1
-132.62,27.88,1
-103.15,5.53,1
125.62,24.62,1
125.22,25.15,1
123.97,24.75,1
126.23,24.07,1
125.93,24.32,1
126.35,23.98,1
126.28,24.03,1
126.18,24.12,1
125.78,24.43,1
125.15,25.25,1
127.65,25.17,1
127.58,25.25,1
127.47,25.33,1
129.45,27.03,1
129.37,27.15,1
129.68,27.38,1
130,28.4,1
130.67,28.87,1
128.72,31.67,1
131,28.7,1
127.2,28.57,1
124.45,23.82,1
124.42,24.02,1
127.28,28.52,1
126.2,27.68,1
125.67,26.55,1
124.83,26.15,1
123.73,24.55,1
124.32,24.92,1
131.85,30.92,1
131.5,30.32,1
131.47,30.1,1
128.98,32.07,1
129,31.92,1
128.17,30.82,1
128.67,26.15,1
124.72,25.33,1
124.5,23.92,1
-74.319,-41.297,1
-73.533,-33.277,1
-73.652,-32.591,1
-73.345,-23.606,1
-73.345,-23.193,1
-81.436,-21.359,1
-79.04,-18.085,1
-78.109,-17.035,1
-77.098,-16.127,1
-116.82,29.87,1
128.95,26.97,1
-86.32,-0.42,1
126.2,27.9,1
158.8,0.433,1
142.383,1.883,1
144.85,14.517,1
148.433,15.983,1
143.067,17.667,1
135.75,25.5,1
135.333,25.9,1
132.567,27.95,1
130.833,29.65,1
140.15,27.117,1
139.967,28.433,1
139.867,30.833,1
140.433,31.983,1
128.9,29.317,1
134.133,28.533,1
126.117,27.467,1
127.967,24.667,1
122.883,25.517,1
177.9,35.317,1
171.9,35.283,1
151.1,31.567,1
-88.62,12.58,1
-85.1,4.25,1
-118.47,3.17,1
-85.27,5.7,1
-82.08,6.1,1
-81.7,2.47,1
-82.07,-3.33,1
-84.28,6.95,1
-87.28,1.08,1
-89.35,0.95,1
-90.47,-1.83,1
-93.37,-5.37,1
-104.73,-6.32,1
-90.32,2.73,1
-85.13,2.83,1
-80.63,3.83,1
-85.43,6.9,1
-87.3,5.3,1
-88.45,3.68,1
-86.27,3.03,1
-100.18,7.3,1
-102.67,9.5,1
-119.7,13.5,1
-110.48,0.04,1
-110.573,1.022,1
-95.07,-3.01,1
-90.823,-3.092,1
-89.862,1.485,1
-89.727,2.605,1
-110.498,-3.002,1
-86.48,0.1,1
-86.55,2.98,1
-91.67,-1.98,1
-81.056,0.12,1
-105,-13.68,1
-89.693,3.475,1
-106.94,-6.38,1
-94.15,-3.78,1
-85.418,-1.138,1
-85.112,-1.065,1
-85.362,6.39,1
-77.563,-16.443,1
-113.35,-31.15,1
24.3,36.5,1
3.88,42.38,1
4.16,42.23,1
12.28,36.68,1
4.83,42.85,1
3.31,42.45,1
13.34,39.41,1
4.65,42.78,1
4.95,42.4,1
5.1,42.93,1
5.06,42.98,1
4.8,42.77,1
4.82,42.83,1
-4.66,35.55,1
-4.4,35.98,1
14.3,38.49,1
13.34,39.4,1
15.05,39.1,1
13.21,40.33,1
11.43,40.35,1
11.49,36.47,1
17.18,38.06,1
17.59,41.31,1
-3.889,36.45,1
-3.28,36.15,1
-2.12,36.11,1
-1.23,36.2,1
33.45,32.14,1
34.21,32.04,1
34.23,32.47,1
32.42,33.4,1
32.38,33.02,1
32.35,32.41,1
17.971,41.505,1
28.2,35.292,1
3.48,42.48,1
27.917,33.73,1
23.417,34.5,1
18.03,38.2,1
0.5,37.58,1
10.59,38.93,1
26.83,36.08,1
27.3,35.917,1
-70.5952,-23.9998,1
-70.9015,-25.9995,1
-70.8403,-25.9998,1
-71.0512,-27.2855,1
-71.4712,-28.3837,1
-71.33,-28.4168,1
-71.613,-28.4162,1
-71.5017,-28.3833,1
-71.6425,-29.3763,1
-71.774,-29.719,1
-71.6758,-29.6667,1
-72.1665,-29.7167,1
-71.9832,-30.2003,1
-71.75,-31.0292,1
-71.876,-31.1077,1
-71.9687,-31.1603,1
-71.6995,-31.8823,1
-71.6723,-31.975,1
-71.9312,-31.9748,1
-72.0002,-31.4857,1
-71.9522,-32.2795,1
-72.1102,-33.8,1
-72.1603,-33.7997,1
-72.2748,-33.7998,1
-72.5102,-34.584,1
-74.7877,-42.4097,1
-74.55,-40.9998,1
-74.3747,-39.0705,1
-74.1642,-38.9913,1
98.26,-0.95,1
97.98,-1.18,1
96.98,1.68,1
96.66,1.6,1
98.85,-0.5,1
99.27,-0.77,1
99.12,-0.67,1
99.52,-0.94,1
99.65,-0.81,1
100.13,-1.5,1
101.5,-4.16,1
103.29,-5.87,1
102.86,-6.48,1
103.09,-6.27,1
109.16,-8.5,1
109.16,-9.31,1
110.5,-8.78,1
110.45,-9.47,1
112.64,-8.68,1
118.15,-9.65,1
118.89,-9.22,1
34.5967,27.6867,1
34.6823,27.7135,1
34.9693,27.8782,1
34.736,27.5757,1
34.6873,27.5277,1
34.7987,27.5807,1
34.8642,27.6115,1
35.0473,27.7117,1
35.4053,27.0533,1
35.0445,26.755,1
35.1357,26.7762,1
35.4293,26.8808,1
35.36,26.2917,1
34.8667,25.7483,1
35.085,25.75,1
36.0755,25.85,1
35.6083,25.5217,1
36.1015,25.784300000000002,1
36.23,24.76,1
36.4067,24.7683,1
36.5937,24.7598,1
36.944,24.7315,1
36.7117,23.3117,1
37.3767,22.915,1
37.7555,22.2848,1
37.7817,22.2517,1
37.98,21.4283,1
38.1017,21.425,1
38.2327,21.445,1
37.3883,19.6383,1
37.4767,19.6783,1
38.0867,20.0383,1
38.0117,19.9067,1
38.4233,20.105,1
38.6083,19.64,1
38.725,19.6083,1
38.7217,19.4583,1
38.7233,19.4583,1
39.0533,19.135,1
39.115,19.13,1
39.1467,19.095,1
39.1467,19.0917,1
39.0567,18.6017,1
40.0217,17.3617,1
41.68,15.94,1
41.67,15.56,1
42.214,14.998,1
42.4433,14.7167,1
42.4333,14.6422,1
44.165,12.3887,1
44.4667,12.25,1
44.4933,12.4033,1
45.7117,12.4933,1
47.4217,12.865,1
70.058,14.763,1
70.255,12.858,1
-54.03,36.9,1
142.5,27.96666667,1
-9.867,-50.87,0
-47.73333333,58.36666667,1
41.55,-4.216666667,1
-14.9,44.2,1
-16.97,48.3,1
-16.87,34.2,1
-25.5,49.133,1
-15.17,52.667,1
-21.32,57,1
59.36666667,23.11666667,1
-82.8,-2.6,1
-140.85,-6.133333333,1
70.05,14.76666667,1
-83.51666667,-3.383333333,1
-174.8833333,-11.1,1
-106.18,-0.37,0
-84.016,8.3803,1
-82.73,4.6,1
13.55,-30.43333333,1
139.4166667,32.033,1
59.57,20.7,1
112.75,-19.067,1
-178.49,-42.38,1
-17.067,5.283,1
-11.55,56.32,1
-17.37,50.15,1
-16.35,54.63,1
-16.37,53.93,1
-15.92,48.2,1
-9.8298,42.68,1
-9.5798,42.62,1
-8.4798,47.63,1
-8.68,46.77,1
-8.5698,47.47,1
-8.0833,46.917,1
-8.77,47.05,1
-8.9833,46.667,1
-2.97,44.38,1
-2.18,44.08,1
-5,45.57,1
-4.42,45.48,1
-3.95,45.75,1
-5.9698,46.77,1
-2.0198,43.55,1
-4.6998,46.02,1
-4.45,44.067,1
-4.5,43.83,1
-7.9298,45.1,1
-10.47,40.97,1
-10.53,40.97,1
-10.58,40.92,1
-9.3298,37.1,1
-29.98,34.62,1
-24.317,35,1
-44.083,6.317,1
-28.93,24.05,1
-26.28,30.13,1
-26.78,31.1,1
-26.78,31.13,1
-29.25,35.25,1
-28.92,35.42,1
-3.75,44.75,1
-30.423,39.927,1
-30.962,40.57,1
-32.053,40.505,1
-32.263,42.337,1
-54.033,36.9,1
-54.333,42.783,1
-15.8,43.967,1
-32.583,44.533,1
-24.783,-39.817,1
1,-34.08,1
2.8332,-32.883,1
14.7,-31.067,1
6.3,-21.43,1
-42.15,-50.767,1
12.583,-33.4,1
15.983,-33.233,1
10.8,-21.833,1
-13.833,-33.95,1
19.533,-36.333,1
8.867,-21.833,1
13.015,-28.083,1
-4.6,46.267,1
53.45,13.43333333,1
88.08333333,14.15,1
72.805,7.28,1
66.28333333,19.2,1
67.3,21.46666667,1
-70.832,-23.9997,1
-70.9998,-26.0002,1
-70.8092,-25.9997,1
-73.4757,-35.7833,1
96.89,1.63,1
99.76,-0.7,1
99.6,-1.7,1
99.95,-1.56,1
103.66,-5.34,1
103.25,-5.94,1
104.64,-7.11,1
112.87,-8.68,1
113.2,-9.73,1
118.3,-9.54,1
119.29,-9.15,1
121.15,-9.6,1
120.92,-9.6,1
-81.63,13.483,1
-76.96,10.032,1
-77.23,14.45,1
-76.63,12.25,1
-73.92,14.933,1
-74.3,13.367,1
-74.85,12.88,1
-75.58,14.267,1
